[
{
    "model": "admin.logentry",
    "pk": 1,
    "fields": {
        "action_time": "2024-12-13T20:07:26.708Z",
        "user": 1,
        "content_type": 6,
        "object_id": "1",
        "object_repr": "Česká republika",
        "action_flag": 1,
        "change_message": "[{\"added\": {}}]"
    }
},
{
    "model": "admin.logentry",
    "pk": 2,
    "fields": {
        "action_time": "2024-12-13T20:24:37.455Z",
        "user": 1,
        "content_type": 6,
        "object_id": "1",
        "object_repr": "Česká republika",
        "action_flag": 2,
        "change_message": "[{\"changed\": {\"fields\": [\"Business id format\"]}}]"
    }
},
{
    "model": "admin.logentry",
    "pk": 3,
    "fields": {
        "action_time": "2024-12-13T20:26:49.262Z",
        "user": 1,
        "content_type": 6,
        "object_id": "1",
        "object_repr": "Česká republika",
        "action_flag": 2,
        "change_message": "[{\"changed\": {\"fields\": [\"Business id format\"]}}]"
    }
},
{
    "model": "admin.logentry",
    "pk": 4,
    "fields": {
        "action_time": "2024-12-13T20:27:53.740Z",
        "user": 1,
        "content_type": 6,
        "object_id": "1",
        "object_repr": "Česká republika",
        "action_flag": 2,
        "change_message": "[{\"changed\": {\"fields\": [\"Tax id format\"]}}]"
    }
},
{
    "model": "admin.logentry",
    "pk": 5,
    "fields": {
        "action_time": "2024-12-13T20:28:41.964Z",
        "user": 1,
        "content_type": 6,
        "object_id": "1",
        "object_repr": "Česká republika",
        "action_flag": 2,
        "change_message": "[{\"changed\": {\"fields\": [\"Postcode format\"]}}]"
    }
},
{
    "model": "admin.logentry",
    "pk": 6,
    "fields": {
        "action_time": "2024-12-13T20:28:49.008Z",
        "user": 1,
        "content_type": 8,
        "object_id": "1",
        "object_repr": "Admin-oopp",
        "action_flag": 2,
        "change_message": "[{\"changed\": {\"fields\": [\"First name\", \"Last name\", \"Country\", \"Address\", \"City\", \"Postcode\", \"Phone number\", \"Business ID\", \"Tax ID\"]}}]"
    }
},
{
    "model": "admin.logentry",
    "pk": 7,
    "fields": {
        "action_time": "2024-12-13T20:29:39.911Z",
        "user": 1,
        "content_type": 8,
        "object_id": "1",
        "object_repr": "Admin-oopp",
        "action_flag": 2,
        "change_message": "[{\"changed\": {\"fields\": [\"Phone number\"]}}]"
    }
},
{
    "model": "admin.logentry",
    "pk": 8,
    "fields": {
        "action_time": "2024-12-13T21:37:59.965Z",
        "user": 1,
        "content_type": 8,
        "object_id": "2",
        "object_repr": "user_add",
        "action_flag": 3,
        "change_message": ""
    }
},
{
    "model": "admin.logentry",
    "pk": 9,
    "fields": {
        "action_time": "2024-12-14T17:01:19.776Z",
        "user": 1,
        "content_type": 13,
        "object_id": "4",
        "object_repr": "hovno",
        "action_flag": 3,
        "change_message": ""
    }
},
{
    "model": "admin.logentry",
    "pk": 10,
    "fields": {
        "action_time": "2024-12-14T20:20:11.745Z",
        "user": 1,
        "content_type": 14,
        "object_id": "1",
        "object_repr": "EN 341",
        "action_flag": 2,
        "change_message": "[{\"changed\": {\"fields\": [\"Image\"]}}]"
    }
},
{
    "model": "admin.logentry",
    "pk": 11,
    "fields": {
        "action_time": "2024-12-14T20:21:33.274Z",
        "user": 1,
        "content_type": 14,
        "object_id": "2",
        "object_repr": "EN 353-1, 2",
        "action_flag": 2,
        "change_message": "[{\"changed\": {\"fields\": [\"Image\"]}}]"
    }
},
{
    "model": "admin.logentry",
    "pk": 12,
    "fields": {
        "action_time": "2024-12-14T20:21:46.332Z",
        "user": 1,
        "content_type": 14,
        "object_id": "3",
        "object_repr": "EN 354",
        "action_flag": 2,
        "change_message": "[{\"changed\": {\"fields\": [\"Image\"]}}]"
    }
},
{
    "model": "admin.logentry",
    "pk": 13,
    "fields": {
        "action_time": "2024-12-14T20:21:54.903Z",
        "user": 1,
        "content_type": 14,
        "object_id": "4",
        "object_repr": "EN 355",
        "action_flag": 2,
        "change_message": "[{\"changed\": {\"fields\": [\"Image\"]}}]"
    }
},
{
    "model": "admin.logentry",
    "pk": 14,
    "fields": {
        "action_time": "2024-12-14T20:22:10.745Z",
        "user": 1,
        "content_type": 14,
        "object_id": "5",
        "object_repr": "EN 360",
        "action_flag": 2,
        "change_message": "[{\"changed\": {\"fields\": [\"Image\"]}}]"
    }
},
{
    "model": "admin.logentry",
    "pk": 15,
    "fields": {
        "action_time": "2024-12-14T20:25:52.090Z",
        "user": 1,
        "content_type": 14,
        "object_id": "6",
        "object_repr": "EN 361",
        "action_flag": 2,
        "change_message": "[{\"changed\": {\"fields\": [\"Image\"]}}]"
    }
},
{
    "model": "admin.logentry",
    "pk": 16,
    "fields": {
        "action_time": "2024-12-14T20:35:27.091Z",
        "user": 1,
        "content_type": 14,
        "object_id": "7",
        "object_repr": "EN 362",
        "action_flag": 3,
        "change_message": ""
    }
},
{
    "model": "admin.logentry",
    "pk": 17,
    "fields": {
        "action_time": "2024-12-14T20:36:46.643Z",
        "user": 1,
        "content_type": 14,
        "object_id": "8",
        "object_repr": "EN 362",
        "action_flag": 3,
        "change_message": ""
    }
},
{
    "model": "admin.logentry",
    "pk": 18,
    "fields": {
        "action_time": "2024-12-14T20:50:07.027Z",
        "user": 1,
        "content_type": 14,
        "object_id": "9",
        "object_repr": "EN 362",
        "action_flag": 3,
        "change_message": ""
    }
},
{
    "model": "admin.logentry",
    "pk": 19,
    "fields": {
        "action_time": "2024-12-14T23:19:33.072Z",
        "user": 1,
        "content_type": 14,
        "object_id": "36",
        "object_repr": "EN test",
        "action_flag": 3,
        "change_message": ""
    }
},
{
    "model": "admin.logentry",
    "pk": 20,
    "fields": {
        "action_time": "2025-01-04T00:03:52.410Z",
        "user": 1,
        "content_type": 15,
        "object_id": "1",
        "object_repr": "Singing Rock",
        "action_flag": 2,
        "change_message": "[{\"changed\": {\"fields\": [\"Logo\"]}}]"
    }
},
{
    "model": "admin.logentry",
    "pk": 21,
    "fields": {
        "action_time": "2025-01-04T00:05:08.374Z",
        "user": 1,
        "content_type": 15,
        "object_id": "1",
        "object_repr": "Singing Rock",
        "action_flag": 3,
        "change_message": ""
    }
},
{
    "model": "admin.logentry",
    "pk": 22,
    "fields": {
        "action_time": "2025-01-04T00:12:07.110Z",
        "user": 1,
        "content_type": 14,
        "object_id": "36",
        "object_repr": "EN test",
        "action_flag": 3,
        "change_message": ""
    }
},
{
    "model": "admin.logentry",
    "pk": 23,
    "fields": {
        "action_time": "2025-01-04T00:14:50.125Z",
        "user": 1,
        "content_type": 15,
        "object_id": "2",
        "object_repr": "Singing Rock",
        "action_flag": 2,
        "change_message": "[{\"changed\": {\"fields\": [\"Logo\"]}}]"
    }
},
{
    "model": "admin.logentry",
    "pk": 24,
    "fields": {
        "action_time": "2025-01-04T00:15:15.915Z",
        "user": 1,
        "content_type": 15,
        "object_id": "3",
        "object_repr": "Petzl",
        "action_flag": 3,
        "change_message": ""
    }
},
{
    "model": "admin.logentry",
    "pk": 25,
    "fields": {
        "action_time": "2025-01-04T00:18:01.277Z",
        "user": 1,
        "content_type": 15,
        "object_id": "4",
        "object_repr": "Petzl",
        "action_flag": 3,
        "change_message": ""
    }
},
{
    "model": "admin.logentry",
    "pk": 26,
    "fields": {
        "action_time": "2025-01-04T00:18:08.172Z",
        "user": 1,
        "content_type": 15,
        "object_id": "2",
        "object_repr": "Singing Rock",
        "action_flag": 3,
        "change_message": ""
    }
},
{
    "model": "admin.logentry",
    "pk": 27,
    "fields": {
        "action_time": "2025-01-04T01:09:18.572Z",
        "user": 1,
        "content_type": 15,
        "object_id": "5",
        "object_repr": "Singing Rock",
        "action_flag": 2,
        "change_message": "[{\"changed\": {\"fields\": [\"Logo\"]}}]"
    }
},
{
    "model": "admin.logentry",
    "pk": 28,
    "fields": {
        "action_time": "2025-01-04T01:09:50.695Z",
        "user": 1,
        "content_type": 15,
        "object_id": "5",
        "object_repr": "Singing Rock",
        "action_flag": 2,
        "change_message": "[{\"changed\": {\"fields\": [\"Logo\"]}}]"
    }
},
{
    "model": "admin.logentry",
    "pk": 29,
    "fields": {
        "action_time": "2025-01-04T01:41:21.608Z",
        "user": 1,
        "content_type": 7,
        "object_id": "2",
        "object_repr": "Revize CZ",
        "action_flag": 2,
        "change_message": "[{\"changed\": {\"fields\": [\"Address\", \"City\"]}}]"
    }
},
{
    "model": "admin.logentry",
    "pk": 30,
    "fields": {
        "action_time": "2025-01-04T01:41:54.517Z",
        "user": 1,
        "content_type": 6,
        "object_id": "1",
        "object_repr": "Česká republika",
        "action_flag": 2,
        "change_message": "[{\"changed\": {\"fields\": [\"Name\"]}}]"
    }
},
{
    "model": "admin.logentry",
    "pk": 31,
    "fields": {
        "action_time": "2025-01-04T01:42:44.273Z",
        "user": 1,
        "content_type": 8,
        "object_id": "1",
        "object_repr": "Admin-oopp",
        "action_flag": 2,
        "change_message": "[{\"changed\": {\"fields\": [\"Address\", \"City\", \"Phone number\"]}}]"
    }
},
{
    "model": "admin.logentry",
    "pk": 32,
    "fields": {
        "action_time": "2025-01-04T01:43:23.854Z",
        "user": 1,
        "content_type": 8,
        "object_id": "2",
        "object_repr": "user_revision",
        "action_flag": 2,
        "change_message": "[{\"changed\": {\"fields\": [\"Phone number\"]}}]"
    }
},
{
    "model": "admin.logentry",
    "pk": 33,
    "fields": {
        "action_time": "2025-01-04T01:47:33.778Z",
        "user": 1,
        "content_type": 8,
        "object_id": "1",
        "object_repr": "Admin-oopp",
        "action_flag": 2,
        "change_message": "[{\"changed\": {\"fields\": [\"Phone number\"]}}]"
    }
},
{
    "model": "admin.logentry",
    "pk": 34,
    "fields": {
        "action_time": "2025-01-04T01:48:10.076Z",
        "user": 1,
        "content_type": 8,
        "object_id": "2",
        "object_repr": "user_revision",
        "action_flag": 2,
        "change_message": "[{\"changed\": {\"fields\": [\"Address\", \"City\", \"Phone number\"]}}]"
    }
},
{
    "model": "admin.logentry",
    "pk": 35,
    "fields": {
        "action_time": "2025-01-04T01:49:59.907Z",
        "user": 1,
        "content_type": 14,
        "object_id": "32",
        "object_repr": "ANSI Z359.1",
        "action_flag": 2,
        "change_message": "[{\"changed\": {\"fields\": [\"Description\"]}}]"
    }
},
{
    "model": "admin.logentry",
    "pk": 36,
    "fields": {
        "action_time": "2025-01-04T01:50:21.857Z",
        "user": 1,
        "content_type": 14,
        "object_id": "33",
        "object_repr": "CEN/TS 16415",
        "action_flag": 2,
        "change_message": "[{\"changed\": {\"fields\": [\"Description\"]}}]"
    }
},
{
    "model": "admin.logentry",
    "pk": 37,
    "fields": {
        "action_time": "2025-01-04T01:50:42.913Z",
        "user": 1,
        "content_type": 14,
        "object_id": "26",
        "object_repr": "EN 12275",
        "action_flag": 2,
        "change_message": "[{\"changed\": {\"fields\": [\"Description\"]}}]"
    }
},
{
    "model": "admin.logentry",
    "pk": 38,
    "fields": {
        "action_time": "2025-01-04T01:51:57.118Z",
        "user": 1,
        "content_type": 14,
        "object_id": "27",
        "object_repr": "EN 12277",
        "action_flag": 2,
        "change_message": "[{\"changed\": {\"fields\": [\"Description\"]}}]"
    }
},
{
    "model": "admin.logentry",
    "pk": 39,
    "fields": {
        "action_time": "2025-01-04T01:52:11.532Z",
        "user": 1,
        "content_type": 14,
        "object_id": "28",
        "object_repr": "EN 12278",
        "action_flag": 2,
        "change_message": "[{\"changed\": {\"fields\": [\"Description\"]}}]"
    }
},
{
    "model": "admin.logentry",
    "pk": 40,
    "fields": {
        "action_time": "2025-01-04T01:52:16.198Z",
        "user": 1,
        "content_type": 14,
        "object_id": "28",
        "object_repr": "EN 12278",
        "action_flag": 2,
        "change_message": "[]"
    }
},
{
    "model": "admin.logentry",
    "pk": 41,
    "fields": {
        "action_time": "2025-01-04T01:52:19.322Z",
        "user": 1,
        "content_type": 14,
        "object_id": "28",
        "object_repr": "EN 12278",
        "action_flag": 2,
        "change_message": "[]"
    }
},
{
    "model": "admin.logentry",
    "pk": 42,
    "fields": {
        "action_time": "2025-01-04T01:52:40.866Z",
        "user": 1,
        "content_type": 14,
        "object_id": "29",
        "object_repr": "EN 12492",
        "action_flag": 2,
        "change_message": "[{\"changed\": {\"fields\": [\"Description\"]}}]"
    }
},
{
    "model": "admin.logentry",
    "pk": 43,
    "fields": {
        "action_time": "2025-01-04T01:53:14.230Z",
        "user": 1,
        "content_type": 14,
        "object_id": "30",
        "object_repr": "EN 12841",
        "action_flag": 2,
        "change_message": "[{\"changed\": {\"fields\": [\"Description\"]}}]"
    }
},
{
    "model": "admin.logentry",
    "pk": 44,
    "fields": {
        "action_time": "2025-01-04T01:53:57.932Z",
        "user": 1,
        "content_type": 14,
        "object_id": "15",
        "object_repr": "EN 1496",
        "action_flag": 2,
        "change_message": "[{\"changed\": {\"fields\": [\"Description\"]}}]"
    }
},
{
    "model": "admin.logentry",
    "pk": 45,
    "fields": {
        "action_time": "2025-01-04T01:54:12.759Z",
        "user": 1,
        "content_type": 14,
        "object_id": "22",
        "object_repr": "EN 1497",
        "action_flag": 2,
        "change_message": "[{\"changed\": {\"fields\": [\"Description\"]}}]"
    }
},
{
    "model": "admin.logentry",
    "pk": 46,
    "fields": {
        "action_time": "2025-01-04T01:54:16.741Z",
        "user": 1,
        "content_type": 14,
        "object_id": "22",
        "object_repr": "EN 1497",
        "action_flag": 2,
        "change_message": "[]"
    }
},
{
    "model": "admin.logentry",
    "pk": 47,
    "fields": {
        "action_time": "2025-01-04T01:54:38.082Z",
        "user": 1,
        "content_type": 14,
        "object_id": "23",
        "object_repr": "EN 1498",
        "action_flag": 2,
        "change_message": "[{\"changed\": {\"fields\": [\"Description\"]}}]"
    }
},
{
    "model": "admin.logentry",
    "pk": 48,
    "fields": {
        "action_time": "2025-01-04T01:54:41.682Z",
        "user": 1,
        "content_type": 14,
        "object_id": "23",
        "object_repr": "EN 1498",
        "action_flag": 2,
        "change_message": "[]"
    }
},
{
    "model": "admin.logentry",
    "pk": 49,
    "fields": {
        "action_time": "2025-01-04T01:54:45.700Z",
        "user": 1,
        "content_type": 14,
        "object_id": "23",
        "object_repr": "EN 1498",
        "action_flag": 2,
        "change_message": "[]"
    }
},
{
    "model": "admin.logentry",
    "pk": 50,
    "fields": {
        "action_time": "2025-01-04T01:55:05.914Z",
        "user": 1,
        "content_type": 14,
        "object_id": "31",
        "object_repr": "EN 15151-2",
        "action_flag": 2,
        "change_message": "[{\"changed\": {\"fields\": [\"Description\"]}}]"
    }
},
{
    "model": "admin.logentry",
    "pk": 51,
    "fields": {
        "action_time": "2025-01-04T01:55:21.438Z",
        "user": 1,
        "content_type": 14,
        "object_id": "3",
        "object_repr": "EN 354",
        "action_flag": 2,
        "change_message": "[{\"changed\": {\"fields\": [\"Description\"]}}]"
    }
},
{
    "model": "admin.logentry",
    "pk": 52,
    "fields": {
        "action_time": "2025-01-04T01:55:43.430Z",
        "user": 1,
        "content_type": 14,
        "object_id": "24",
        "object_repr": "EN 1808",
        "action_flag": 2,
        "change_message": "[{\"changed\": {\"fields\": [\"Description\"]}}]"
    }
},
{
    "model": "admin.logentry",
    "pk": 53,
    "fields": {
        "action_time": "2025-01-04T01:56:16.485Z",
        "user": 1,
        "content_type": 14,
        "object_id": "25",
        "object_repr": "EN 1891",
        "action_flag": 2,
        "change_message": "[{\"changed\": {\"fields\": [\"Description\"]}}]"
    }
},
{
    "model": "admin.logentry",
    "pk": 54,
    "fields": {
        "action_time": "2025-01-04T01:56:39.165Z",
        "user": 1,
        "content_type": 14,
        "object_id": "1",
        "object_repr": "EN 341",
        "action_flag": 2,
        "change_message": "[{\"changed\": {\"fields\": [\"Description\"]}}]"
    }
},
{
    "model": "admin.logentry",
    "pk": 55,
    "fields": {
        "action_time": "2025-01-04T01:57:02.591Z",
        "user": 1,
        "content_type": 14,
        "object_id": "2",
        "object_repr": "EN 353-1, 2",
        "action_flag": 2,
        "change_message": "[{\"changed\": {\"fields\": [\"Description\"]}}]"
    }
},
{
    "model": "admin.logentry",
    "pk": 56,
    "fields": {
        "action_time": "2025-01-04T01:57:16.645Z",
        "user": 1,
        "content_type": 14,
        "object_id": "4",
        "object_repr": "EN 355",
        "action_flag": 2,
        "change_message": "[{\"changed\": {\"fields\": [\"Description\"]}}]"
    }
},
{
    "model": "admin.logentry",
    "pk": 57,
    "fields": {
        "action_time": "2025-01-04T01:57:48.706Z",
        "user": 1,
        "content_type": 14,
        "object_id": "13",
        "object_repr": "EN 358",
        "action_flag": 2,
        "change_message": "[{\"changed\": {\"fields\": [\"Description\"]}}]"
    }
},
{
    "model": "admin.logentry",
    "pk": 58,
    "fields": {
        "action_time": "2025-01-04T01:58:04.743Z",
        "user": 1,
        "content_type": 14,
        "object_id": "5",
        "object_repr": "EN 360",
        "action_flag": 2,
        "change_message": "[{\"changed\": {\"fields\": [\"Description\"]}}]"
    }
},
{
    "model": "admin.logentry",
    "pk": 59,
    "fields": {
        "action_time": "2025-01-04T01:58:12.450Z",
        "user": 1,
        "content_type": 14,
        "object_id": "6",
        "object_repr": "EN 361",
        "action_flag": 2,
        "change_message": "[{\"changed\": {\"fields\": [\"Description\"]}}]"
    }
},
{
    "model": "admin.logentry",
    "pk": 60,
    "fields": {
        "action_time": "2025-01-04T01:58:15.994Z",
        "user": 1,
        "content_type": 14,
        "object_id": "6",
        "object_repr": "EN 361",
        "action_flag": 2,
        "change_message": "[]"
    }
},
{
    "model": "admin.logentry",
    "pk": 61,
    "fields": {
        "action_time": "2025-01-04T01:58:20.006Z",
        "user": 1,
        "content_type": 14,
        "object_id": "10",
        "object_repr": "EN 362",
        "action_flag": 2,
        "change_message": "[]"
    }
},
{
    "model": "admin.logentry",
    "pk": 62,
    "fields": {
        "action_time": "2025-01-04T01:58:50.044Z",
        "user": 1,
        "content_type": 14,
        "object_id": "16",
        "object_repr": "EN 388",
        "action_flag": 2,
        "change_message": "[{\"changed\": {\"fields\": [\"Description\"]}}]"
    }
},
{
    "model": "admin.logentry",
    "pk": 63,
    "fields": {
        "action_time": "2025-01-04T01:59:15.181Z",
        "user": 1,
        "content_type": 14,
        "object_id": "12",
        "object_repr": "EN 397",
        "action_flag": 2,
        "change_message": "[{\"changed\": {\"fields\": [\"Description\"]}}]"
    }
},
{
    "model": "admin.logentry",
    "pk": 64,
    "fields": {
        "action_time": "2025-01-04T01:59:40.257Z",
        "user": 1,
        "content_type": 14,
        "object_id": "17",
        "object_repr": "EN 564",
        "action_flag": 2,
        "change_message": "[{\"changed\": {\"fields\": [\"Description\"]}}]"
    }
},
{
    "model": "admin.logentry",
    "pk": 65,
    "fields": {
        "action_time": "2025-01-04T01:59:59.929Z",
        "user": 1,
        "content_type": 14,
        "object_id": "18",
        "object_repr": "EN 566",
        "action_flag": 2,
        "change_message": "[{\"changed\": {\"fields\": [\"Description\"]}}]"
    }
},
{
    "model": "admin.logentry",
    "pk": 66,
    "fields": {
        "action_time": "2025-01-04T02:00:03.855Z",
        "user": 1,
        "content_type": 14,
        "object_id": "18",
        "object_repr": "EN 566",
        "action_flag": 2,
        "change_message": "[]"
    }
},
{
    "model": "admin.logentry",
    "pk": 67,
    "fields": {
        "action_time": "2025-01-04T02:00:50.015Z",
        "user": 1,
        "content_type": 14,
        "object_id": "19",
        "object_repr": "EN 567",
        "action_flag": 2,
        "change_message": "[{\"changed\": {\"fields\": [\"Description\"]}}]"
    }
},
{
    "model": "admin.logentry",
    "pk": 68,
    "fields": {
        "action_time": "2025-01-04T02:01:15.818Z",
        "user": 1,
        "content_type": 14,
        "object_id": "14",
        "object_repr": "EN 795, EN 795/A1",
        "action_flag": 2,
        "change_message": "[{\"changed\": {\"fields\": [\"Description\"]}}]"
    }
},
{
    "model": "admin.logentry",
    "pk": 69,
    "fields": {
        "action_time": "2025-01-04T02:01:23.662Z",
        "user": 1,
        "content_type": 14,
        "object_id": "11",
        "object_repr": "EN 813",
        "action_flag": 2,
        "change_message": "[{\"changed\": {\"fields\": [\"Description\"]}}]"
    }
},
{
    "model": "admin.logentry",
    "pk": 70,
    "fields": {
        "action_time": "2025-01-04T02:01:51.760Z",
        "user": 1,
        "content_type": 14,
        "object_id": "20",
        "object_repr": "EN 892",
        "action_flag": 2,
        "change_message": "[{\"changed\": {\"fields\": [\"Description\"]}}]"
    }
},
{
    "model": "admin.logentry",
    "pk": 71,
    "fields": {
        "action_time": "2025-01-04T02:01:56.477Z",
        "user": 1,
        "content_type": 14,
        "object_id": "20",
        "object_repr": "EN 892",
        "action_flag": 2,
        "change_message": "[]"
    }
},
{
    "model": "admin.logentry",
    "pk": 72,
    "fields": {
        "action_time": "2025-01-04T02:02:28.581Z",
        "user": 1,
        "content_type": 14,
        "object_id": "21",
        "object_repr": "EN 959",
        "action_flag": 2,
        "change_message": "[{\"changed\": {\"fields\": [\"Description\"]}}]"
    }
},
{
    "model": "admin.logentry",
    "pk": 73,
    "fields": {
        "action_time": "2025-01-04T02:03:41.592Z",
        "user": 1,
        "content_type": 14,
        "object_id": "34",
        "object_repr": "NFPA Class II",
        "action_flag": 2,
        "change_message": "[{\"changed\": {\"fields\": [\"Description\"]}}]"
    }
},
{
    "model": "admin.logentry",
    "pk": 74,
    "fields": {
        "action_time": "2025-01-04T02:04:19.289Z",
        "user": 1,
        "content_type": 14,
        "object_id": "35",
        "object_repr": "NFPA Class III",
        "action_flag": 2,
        "change_message": "[{\"changed\": {\"fields\": [\"Description\"]}}]"
    }
},
{
    "model": "admin.logentry",
    "pk": 75,
    "fields": {
        "action_time": "2025-01-04T02:10:13.769Z",
        "user": 1,
        "content_type": 6,
        "object_id": "1",
        "object_repr": "Česká republika",
        "action_flag": 2,
        "change_message": "[]"
    }
},
{
    "model": "admin.logentry",
    "pk": 76,
    "fields": {
        "action_time": "2025-01-04T21:59:30.542Z",
        "user": 1,
        "content_type": 9,
        "object_id": "1",
        "object_repr": "Revize Výškové práce Company: Žádná společnost User: Jaroslav Adam",
        "action_flag": 1,
        "change_message": "[{\"added\": {}}]"
    }
},
{
    "model": "admin.logentry",
    "pk": 77,
    "fields": {
        "action_time": "2025-01-04T22:06:41.651Z",
        "user": 1,
        "content_type": 15,
        "object_id": "7",
        "object_repr": "Climbing technology",
        "action_flag": 2,
        "change_message": "[{\"changed\": {\"fields\": [\"Name\"]}}]"
    }
},
{
    "model": "admin.logentry",
    "pk": 78,
    "fields": {
        "action_time": "2025-01-04T22:06:50.724Z",
        "user": 1,
        "content_type": 15,
        "object_id": "7",
        "object_repr": "climbing technology",
        "action_flag": 2,
        "change_message": "[{\"changed\": {\"fields\": [\"Name\"]}}]"
    }
},
{
    "model": "admin.logentry",
    "pk": 79,
    "fields": {
        "action_time": "2025-01-04T22:53:39.278Z",
        "user": 1,
        "content_type": 8,
        "object_id": "1",
        "object_repr": "Admin-oopp",
        "action_flag": 2,
        "change_message": "[]"
    }
},
{
    "model": "admin.logentry",
    "pk": 80,
    "fields": {
        "action_time": "2025-01-04T22:53:57.779Z",
        "user": 1,
        "content_type": 8,
        "object_id": "1",
        "object_repr": "Admin-oopp",
        "action_flag": 2,
        "change_message": "[{\"changed\": {\"fields\": [\"Phone number\"]}}]"
    }
},
{
    "model": "admin.logentry",
    "pk": 81,
    "fields": {
        "action_time": "2025-01-04T22:57:50.150Z",
        "user": 1,
        "content_type": 8,
        "object_id": "1",
        "object_repr": "Admin-oopp",
        "action_flag": 2,
        "change_message": "[]"
    }
},
{
    "model": "admin.logentry",
    "pk": 82,
    "fields": {
        "action_time": "2025-01-04T22:57:57.289Z",
        "user": 1,
        "content_type": 8,
        "object_id": "1",
        "object_repr": "Admin-oopp",
        "action_flag": 2,
        "change_message": "[]"
    }
},
{
    "model": "admin.logentry",
    "pk": 83,
    "fields": {
        "action_time": "2025-01-05T02:47:56.346Z",
        "user": 1,
        "content_type": 13,
        "object_id": "6",
        "object_repr": "Helmet",
        "action_flag": 2,
        "change_message": "[{\"changed\": {\"fields\": [\"Name\"]}}]"
    }
},
{
    "model": "admin.logentry",
    "pk": 84,
    "fields": {
        "action_time": "2025-01-05T02:48:03.571Z",
        "user": 1,
        "content_type": 13,
        "object_id": "3",
        "object_repr": "Rope",
        "action_flag": 2,
        "change_message": "[{\"changed\": {\"fields\": [\"Name\"]}}]"
    }
},
{
    "model": "admin.logentry",
    "pk": 85,
    "fields": {
        "action_time": "2025-01-05T02:48:15.149Z",
        "user": 1,
        "content_type": 13,
        "object_id": "1",
        "object_repr": "Harness",
        "action_flag": 2,
        "change_message": "[{\"changed\": {\"fields\": [\"Name\"]}}]"
    }
},
{
    "model": "admin.logentry",
    "pk": 86,
    "fields": {
        "action_time": "2025-01-05T02:50:44.162Z",
        "user": 1,
        "content_type": 16,
        "object_id": "1",
        "object_repr": "Flash industry (helmet cena: 100.00 kč) by Singing Rock",
        "action_flag": 2,
        "change_message": "[]"
    }
},
{
    "model": "admin.logentry",
    "pk": 87,
    "fields": {
        "action_time": "2025-01-05T02:51:12.124Z",
        "user": 1,
        "content_type": 16,
        "object_id": "1",
        "object_repr": "Flash industry (helmet cena: 100.00 kč) by Singing Rock",
        "action_flag": 3,
        "change_message": ""
    }
},
{
    "model": "admin.logentry",
    "pk": 88,
    "fields": {
        "action_time": "2025-01-05T02:56:05.889Z",
        "user": 1,
        "content_type": 16,
        "object_id": "2",
        "object_repr": "Flash industry (helmet cena: 100.00 kč) by Singing Rock",
        "action_flag": 3,
        "change_message": ""
    }
},
{
    "model": "admin.logentry",
    "pk": 89,
    "fields": {
        "action_time": "2025-01-06T18:17:48.128Z",
        "user": 1,
        "content_type": 17,
        "object_id": "1",
        "object_repr": "Singing Rock | helmet | Flash industry | 0314W9601 | 2019-03-23 | 2021-04-21 | 2025-01-06 | 2026-01-06 | fit | ",
        "action_flag": 3,
        "change_message": ""
    }
},
{
    "model": "admin.logentry",
    "pk": 90,
    "fields": {
        "action_time": "2025-01-06T20:10:34.745Z",
        "user": 1,
        "content_type": 14,
        "object_id": "37",
        "object_repr": "testovaci EN",
        "action_flag": 1,
        "change_message": "[{\"added\": {}}]"
    }
},
{
    "model": "admin.logentry",
    "pk": 91,
    "fields": {
        "action_time": "2025-01-06T20:25:46.251Z",
        "user": 1,
        "content_type": 14,
        "object_id": "37",
        "object_repr": "testovaci EN",
        "action_flag": 3,
        "change_message": ""
    }
},
{
    "model": "admin.logentry",
    "pk": 92,
    "fields": {
        "action_time": "2025-01-14T13:02:06.663Z",
        "user": 1,
        "content_type": 7,
        "object_id": "3",
        "object_repr": "Chceme revize",
        "action_flag": 3,
        "change_message": ""
    }
},
{
    "model": "admin.logentry",
    "pk": 93,
    "fields": {
        "action_time": "2025-01-14T14:33:20.139Z",
        "user": 1,
        "content_type": 8,
        "object_id": "4",
        "object_repr": "Revision_Technic",
        "action_flag": 2,
        "change_message": "[{\"changed\": {\"fields\": [\"password\"]}}]"
    }
},
{
    "model": "admin.logentry",
    "pk": 94,
    "fields": {
        "action_time": "2025-01-14T14:33:57.987Z",
        "user": 1,
        "content_type": 8,
        "object_id": "4",
        "object_repr": "Revision_Technic",
        "action_flag": 2,
        "change_message": "[{\"changed\": {\"fields\": [\"Last login\"]}}]"
    }
},
{
    "model": "admin.logentry",
    "pk": 95,
    "fields": {
        "action_time": "2025-01-14T15:03:05.615Z",
        "user": 1,
        "content_type": 3,
        "object_id": "1",
        "object_repr": "basic_user",
        "action_flag": 1,
        "change_message": "[{\"added\": {}}]"
    }
},
{
    "model": "admin.logentry",
    "pk": 96,
    "fields": {
        "action_time": "2025-01-14T15:03:40.771Z",
        "user": 1,
        "content_type": 8,
        "object_id": "3",
        "object_repr": "First_user_only_create_new",
        "action_flag": 2,
        "change_message": "[{\"changed\": {\"fields\": [\"Groups\"]}}]"
    }
},
{
    "model": "admin.logentry",
    "pk": 97,
    "fields": {
        "action_time": "2025-01-14T16:51:30.394Z",
        "user": 1,
        "content_type": 6,
        "object_id": "1",
        "object_repr": "Česká republika",
        "action_flag": 2,
        "change_message": "[{\"changed\": {\"fields\": [\"Postcode format\"]}}]"
    }
},
{
    "model": "admin.logentry",
    "pk": 98,
    "fields": {
        "action_time": "2025-01-14T20:55:33.485Z",
        "user": 1,
        "content_type": 7,
        "object_id": "6",
        "object_repr": "Unknown company",
        "action_flag": 3,
        "change_message": ""
    }
},
{
    "model": "admin.logentry",
    "pk": 99,
    "fields": {
        "action_time": "2025-01-14T20:55:53.830Z",
        "user": 1,
        "content_type": 7,
        "object_id": "2",
        "object_repr": "Revize CZ",
        "action_flag": 2,
        "change_message": "[{\"changed\": {\"fields\": [\"Postcode\"]}}]"
    }
},
{
    "model": "admin.logentry",
    "pk": 100,
    "fields": {
        "action_time": "2025-01-14T21:03:06.096Z",
        "user": 1,
        "content_type": 7,
        "object_id": "7",
        "object_repr": "Unknown company",
        "action_flag": 3,
        "change_message": ""
    }
},
{
    "model": "admin.logentry",
    "pk": 101,
    "fields": {
        "action_time": "2025-01-14T22:36:16.178Z",
        "user": 1,
        "content_type": 6,
        "object_id": "1",
        "object_repr": "Česká republika",
        "action_flag": 2,
        "change_message": "[{\"changed\": {\"fields\": [\"Postcode validator\", \"Postcode format\", \"Phone number validator\", \"Phone number format\", \"Business id validator\", \"Business id format\", \"Tax id validator\", \"Tax id format\"]}}]"
    }
},
{
    "model": "admin.logentry",
    "pk": 102,
    "fields": {
        "action_time": "2025-01-14T23:59:42.921Z",
        "user": 1,
        "content_type": 6,
        "object_id": "1",
        "object_repr": "Česká republika",
        "action_flag": 2,
        "change_message": "[{\"changed\": {\"fields\": [\"Phone number validator\"]}}]"
    }
},
{
    "model": "admin.logentry",
    "pk": 103,
    "fields": {
        "action_time": "2025-01-15T00:37:16.974Z",
        "user": 1,
        "content_type": 8,
        "object_id": "6",
        "object_repr": "jfvironvjk",
        "action_flag": 3,
        "change_message": ""
    }
},
{
    "model": "admin.logentry",
    "pk": 104,
    "fields": {
        "action_time": "2025-01-15T00:46:52.065Z",
        "user": 1,
        "content_type": 8,
        "object_id": "7",
        "object_repr": "testova_user",
        "action_flag": 3,
        "change_message": ""
    }
},
{
    "model": "admin.logentry",
    "pk": 105,
    "fields": {
        "action_time": "2025-01-15T00:52:52.306Z",
        "user": 1,
        "content_type": 8,
        "object_id": "8",
        "object_repr": "test_user",
        "action_flag": 3,
        "change_message": ""
    }
},
{
    "model": "admin.logentry",
    "pk": 106,
    "fields": {
        "action_time": "2025-01-15T00:54:12.628Z",
        "user": 1,
        "content_type": 8,
        "object_id": "9",
        "object_repr": "test_user",
        "action_flag": 3,
        "change_message": ""
    }
},
{
    "model": "admin.logentry",
    "pk": 107,
    "fields": {
        "action_time": "2025-01-15T01:26:36.862Z",
        "user": 1,
        "content_type": 8,
        "object_id": "11",
        "object_repr": "test_user1",
        "action_flag": 2,
        "change_message": "[]"
    }
},
{
    "model": "admin.logentry",
    "pk": 108,
    "fields": {
        "action_time": "2025-01-15T01:30:04.526Z",
        "user": 1,
        "content_type": 8,
        "object_id": "11",
        "object_repr": "test_user1",
        "action_flag": 2,
        "change_message": "[{\"changed\": {\"fields\": [\"Business ID\"]}}]"
    }
},
{
    "model": "admin.logentry",
    "pk": 109,
    "fields": {
        "action_time": "2025-01-15T01:31:41.215Z",
        "user": 1,
        "content_type": 8,
        "object_id": "11",
        "object_repr": "test_user1",
        "action_flag": 2,
        "change_message": "[{\"changed\": {\"fields\": [\"Tax ID\"]}}]"
    }
},
{
    "model": "admin.logentry",
    "pk": 110,
    "fields": {
        "action_time": "2025-01-15T01:31:50.502Z",
        "user": 1,
        "content_type": 8,
        "object_id": "11",
        "object_repr": "test_user1",
        "action_flag": 2,
        "change_message": "[]"
    }
},
{
    "model": "admin.logentry",
    "pk": 111,
    "fields": {
        "action_time": "2025-01-15T01:33:30.093Z",
        "user": 1,
        "content_type": 6,
        "object_id": "1",
        "object_repr": "Česká republika",
        "action_flag": 2,
        "change_message": "[{\"changed\": {\"fields\": [\"Tax id validator\"]}}]"
    }
},
{
    "model": "admin.logentry",
    "pk": 112,
    "fields": {
        "action_time": "2025-01-15T01:33:39.175Z",
        "user": 1,
        "content_type": 8,
        "object_id": "11",
        "object_repr": "test_user1",
        "action_flag": 2,
        "change_message": "[]"
    }
},
{
    "model": "admin.logentry",
    "pk": 113,
    "fields": {
        "action_time": "2025-01-15T01:33:49.807Z",
        "user": 1,
        "content_type": 8,
        "object_id": "11",
        "object_repr": "test_user1",
        "action_flag": 2,
        "change_message": "[{\"changed\": {\"fields\": [\"Tax ID\"]}}]"
    }
},
{
    "model": "admin.logentry",
    "pk": 114,
    "fields": {
        "action_time": "2025-01-15T01:34:06.698Z",
        "user": 1,
        "content_type": 8,
        "object_id": "11",
        "object_repr": "test_user1",
        "action_flag": 3,
        "change_message": ""
    }
},
{
    "model": "admin.logentry",
    "pk": 115,
    "fields": {
        "action_time": "2025-01-15T01:39:41.968Z",
        "user": 1,
        "content_type": 8,
        "object_id": "12",
        "object_repr": "test_user1",
        "action_flag": 2,
        "change_message": "[{\"changed\": {\"fields\": [\"Phone number\"]}}]"
    }
},
{
    "model": "admin.logentry",
    "pk": 116,
    "fields": {
        "action_time": "2025-01-15T01:39:56.776Z",
        "user": 1,
        "content_type": 8,
        "object_id": "12",
        "object_repr": "test_user1",
        "action_flag": 3,
        "change_message": ""
    }
},
{
    "model": "admin.logentry",
    "pk": 117,
    "fields": {
        "action_time": "2025-01-15T01:45:56.124Z",
        "user": 1,
        "content_type": 8,
        "object_id": "13",
        "object_repr": "test_user1",
        "action_flag": 2,
        "change_message": "[]"
    }
},
{
    "model": "admin.logentry",
    "pk": 118,
    "fields": {
        "action_time": "2025-01-15T01:46:04.295Z",
        "user": 1,
        "content_type": 8,
        "object_id": "13",
        "object_repr": "test_user1",
        "action_flag": 3,
        "change_message": ""
    }
},
{
    "model": "admin.logentry",
    "pk": 119,
    "fields": {
        "action_time": "2025-01-15T02:25:06.977Z",
        "user": 1,
        "content_type": 8,
        "object_id": "10",
        "object_repr": "test_user",
        "action_flag": 3,
        "change_message": ""
    }
},
{
    "model": "admin.logentry",
    "pk": 120,
    "fields": {
        "action_time": "2025-01-15T02:26:45.064Z",
        "user": 1,
        "content_type": 8,
        "object_id": "15",
        "object_repr": "test_user",
        "action_flag": 3,
        "change_message": ""
    }
},
{
    "model": "admin.logentry",
    "pk": 121,
    "fields": {
        "action_time": "2025-01-15T02:32:38.396Z",
        "user": 1,
        "content_type": 8,
        "object_id": "17",
        "object_repr": "user_test2",
        "action_flag": 3,
        "change_message": ""
    }
},
{
    "model": "admin.logentry",
    "pk": 122,
    "fields": {
        "action_time": "2025-01-15T02:52:22.194Z",
        "user": 1,
        "content_type": 8,
        "object_id": "16",
        "object_repr": "test",
        "action_flag": 3,
        "change_message": ""
    }
},
{
    "model": "admin.logentry",
    "pk": 123,
    "fields": {
        "action_time": "2025-01-15T02:52:22.194Z",
        "user": 1,
        "content_type": 8,
        "object_id": "19",
        "object_repr": "test_pasword",
        "action_flag": 3,
        "change_message": ""
    }
},
{
    "model": "admin.logentry",
    "pk": 124,
    "fields": {
        "action_time": "2025-01-15T02:52:22.194Z",
        "user": 1,
        "content_type": 8,
        "object_id": "14",
        "object_repr": "user_test",
        "action_flag": 3,
        "change_message": ""
    }
},
{
    "model": "admin.logentry",
    "pk": 125,
    "fields": {
        "action_time": "2025-01-15T02:52:22.194Z",
        "user": 1,
        "content_type": 8,
        "object_id": "18",
        "object_repr": "user_test2",
        "action_flag": 3,
        "change_message": ""
    }
},
{
    "model": "admin.logentry",
    "pk": 126,
    "fields": {
        "action_time": "2025-01-15T03:03:45.633Z",
        "user": 1,
        "content_type": 8,
        "object_id": "20",
        "object_repr": "testovaci.heslo",
        "action_flag": 3,
        "change_message": ""
    }
},
{
    "model": "admin.logentry",
    "pk": 127,
    "fields": {
        "action_time": "2025-01-15T03:11:13.112Z",
        "user": 1,
        "content_type": 8,
        "object_id": "21",
        "object_repr": "user_test",
        "action_flag": 3,
        "change_message": ""
    }
},
{
    "model": "admin.logentry",
    "pk": 128,
    "fields": {
        "action_time": "2025-01-15T03:35:34.437Z",
        "user": 1,
        "content_type": 8,
        "object_id": "26",
        "object_repr": "eavcwecwa",
        "action_flag": 3,
        "change_message": ""
    }
},
{
    "model": "admin.logentry",
    "pk": 129,
    "fields": {
        "action_time": "2025-01-15T03:35:34.437Z",
        "user": 1,
        "content_type": 8,
        "object_id": "25",
        "object_repr": "fcesfcec",
        "action_flag": 3,
        "change_message": ""
    }
},
{
    "model": "admin.logentry",
    "pk": 130,
    "fields": {
        "action_time": "2025-01-15T03:35:34.437Z",
        "user": 1,
        "content_type": 8,
        "object_id": "24",
        "object_repr": "ldaksjhvcuri",
        "action_flag": 3,
        "change_message": ""
    }
},
{
    "model": "admin.logentry",
    "pk": 131,
    "fields": {
        "action_time": "2025-01-15T03:35:34.437Z",
        "user": 1,
        "content_type": 8,
        "object_id": "23",
        "object_repr": "test_wrong",
        "action_flag": 3,
        "change_message": ""
    }
},
{
    "model": "admin.logentry",
    "pk": 132,
    "fields": {
        "action_time": "2025-01-15T03:35:34.437Z",
        "user": 1,
        "content_type": 8,
        "object_id": "22",
        "object_repr": "user_test",
        "action_flag": 3,
        "change_message": ""
    }
},
{
    "model": "admin.logentry",
    "pk": 133,
    "fields": {
        "action_time": "2025-01-15T21:27:11.655Z",
        "user": 1,
        "content_type": 9,
        "object_id": "8",
        "object_repr": "Revize Arbo batoh Company: Žádná společnost User: Jaroslav Adam",
        "action_flag": 2,
        "change_message": "[{\"changed\": {\"fields\": [\"Photo\"]}}]"
    }
},
{
    "model": "admin.logentry",
    "pk": 134,
    "fields": {
        "action_time": "2025-01-17T21:56:41.535Z",
        "user": 1,
        "content_type": 8,
        "object_id": "28",
        "object_repr": "Testuji_jmeno",
        "action_flag": 3,
        "change_message": ""
    }
},
{
    "model": "admin.logentry",
    "pk": 135,
    "fields": {
        "action_time": "2025-01-17T22:56:05.251Z",
        "user": 1,
        "content_type": 6,
        "object_id": "1",
        "object_repr": "Česká republika",
        "action_flag": 2,
        "change_message": "[{\"changed\": {\"fields\": [\"Postcode validator\"]}}]"
    }
},
{
    "model": "admin.logentry",
    "pk": 136,
    "fields": {
        "action_time": "2025-01-17T22:56:39.387Z",
        "user": 1,
        "content_type": 6,
        "object_id": "1",
        "object_repr": "Česká republika",
        "action_flag": 2,
        "change_message": "[{\"changed\": {\"fields\": [\"Postcode format\"]}}]"
    }
},
{
    "model": "admin.logentry",
    "pk": 137,
    "fields": {
        "action_time": "2025-01-17T22:57:27.511Z",
        "user": 1,
        "content_type": 6,
        "object_id": "1",
        "object_repr": "Česká republika",
        "action_flag": 2,
        "change_message": "[{\"changed\": {\"fields\": [\"Postcode validator\"]}}]"
    }
},
{
    "model": "admin.logentry",
    "pk": 138,
    "fields": {
        "action_time": "2025-01-18T20:37:31.364Z",
        "user": 1,
        "content_type": 6,
        "object_id": "1",
        "object_repr": "Czech Republic",
        "action_flag": 2,
        "change_message": "[{\"changed\": {\"fields\": [\"Name\"]}}]"
    }
},
{
    "model": "auth.permission",
    "pk": 1,
    "fields": {
        "name": "Can add log entry",
        "content_type": 1,
        "codename": "add_logentry"
    }
},
{
    "model": "auth.permission",
    "pk": 2,
    "fields": {
        "name": "Can change log entry",
        "content_type": 1,
        "codename": "change_logentry"
    }
},
{
    "model": "auth.permission",
    "pk": 3,
    "fields": {
        "name": "Can delete log entry",
        "content_type": 1,
        "codename": "delete_logentry"
    }
},
{
    "model": "auth.permission",
    "pk": 4,
    "fields": {
        "name": "Can view log entry",
        "content_type": 1,
        "codename": "view_logentry"
    }
},
{
    "model": "auth.permission",
    "pk": 5,
    "fields": {
        "name": "Can add permission",
        "content_type": 2,
        "codename": "add_permission"
    }
},
{
    "model": "auth.permission",
    "pk": 6,
    "fields": {
        "name": "Can change permission",
        "content_type": 2,
        "codename": "change_permission"
    }
},
{
    "model": "auth.permission",
    "pk": 7,
    "fields": {
        "name": "Can delete permission",
        "content_type": 2,
        "codename": "delete_permission"
    }
},
{
    "model": "auth.permission",
    "pk": 8,
    "fields": {
        "name": "Can view permission",
        "content_type": 2,
        "codename": "view_permission"
    }
},
{
    "model": "auth.permission",
    "pk": 9,
    "fields": {
        "name": "Can add group",
        "content_type": 3,
        "codename": "add_group"
    }
},
{
    "model": "auth.permission",
    "pk": 10,
    "fields": {
        "name": "Can change group",
        "content_type": 3,
        "codename": "change_group"
    }
},
{
    "model": "auth.permission",
    "pk": 11,
    "fields": {
        "name": "Can delete group",
        "content_type": 3,
        "codename": "delete_group"
    }
},
{
    "model": "auth.permission",
    "pk": 12,
    "fields": {
        "name": "Can view group",
        "content_type": 3,
        "codename": "view_group"
    }
},
{
    "model": "auth.permission",
    "pk": 13,
    "fields": {
        "name": "Can add content type",
        "content_type": 4,
        "codename": "add_contenttype"
    }
},
{
    "model": "auth.permission",
    "pk": 14,
    "fields": {
        "name": "Can change content type",
        "content_type": 4,
        "codename": "change_contenttype"
    }
},
{
    "model": "auth.permission",
    "pk": 15,
    "fields": {
        "name": "Can delete content type",
        "content_type": 4,
        "codename": "delete_contenttype"
    }
},
{
    "model": "auth.permission",
    "pk": 16,
    "fields": {
        "name": "Can view content type",
        "content_type": 4,
        "codename": "view_contenttype"
    }
},
{
    "model": "auth.permission",
    "pk": 17,
    "fields": {
        "name": "Can add session",
        "content_type": 5,
        "codename": "add_session"
    }
},
{
    "model": "auth.permission",
    "pk": 18,
    "fields": {
        "name": "Can change session",
        "content_type": 5,
        "codename": "change_session"
    }
},
{
    "model": "auth.permission",
    "pk": 19,
    "fields": {
        "name": "Can delete session",
        "content_type": 5,
        "codename": "delete_session"
    }
},
{
    "model": "auth.permission",
    "pk": 20,
    "fields": {
        "name": "Can view session",
        "content_type": 5,
        "codename": "view_session"
    }
},
{
    "model": "auth.permission",
    "pk": 21,
    "fields": {
        "name": "Can add country",
        "content_type": 6,
        "codename": "add_country"
    }
},
{
    "model": "auth.permission",
    "pk": 22,
    "fields": {
        "name": "Can change country",
        "content_type": 6,
        "codename": "change_country"
    }
},
{
    "model": "auth.permission",
    "pk": 23,
    "fields": {
        "name": "Can delete country",
        "content_type": 6,
        "codename": "delete_country"
    }
},
{
    "model": "auth.permission",
    "pk": 24,
    "fields": {
        "name": "Can view country",
        "content_type": 6,
        "codename": "view_country"
    }
},
{
    "model": "auth.permission",
    "pk": 25,
    "fields": {
        "name": "Can add company",
        "content_type": 7,
        "codename": "add_company"
    }
},
{
    "model": "auth.permission",
    "pk": 26,
    "fields": {
        "name": "Can change company",
        "content_type": 7,
        "codename": "change_company"
    }
},
{
    "model": "auth.permission",
    "pk": 27,
    "fields": {
        "name": "Can delete company",
        "content_type": 7,
        "codename": "delete_company"
    }
},
{
    "model": "auth.permission",
    "pk": 28,
    "fields": {
        "name": "Can view company",
        "content_type": 7,
        "codename": "view_company"
    }
},
{
    "model": "auth.permission",
    "pk": 29,
    "fields": {
        "name": "Can add custom user",
        "content_type": 8,
        "codename": "add_customuser"
    }
},
{
    "model": "auth.permission",
    "pk": 30,
    "fields": {
        "name": "Can change custom user",
        "content_type": 8,
        "codename": "change_customuser"
    }
},
{
    "model": "auth.permission",
    "pk": 31,
    "fields": {
        "name": "Can delete custom user",
        "content_type": 8,
        "codename": "delete_customuser"
    }
},
{
    "model": "auth.permission",
    "pk": 32,
    "fields": {
        "name": "Can view custom user",
        "content_type": 8,
        "codename": "view_customuser"
    }
},
{
    "model": "auth.permission",
    "pk": 33,
    "fields": {
        "name": "Can add item group",
        "content_type": 9,
        "codename": "add_itemgroup"
    }
},
{
    "model": "auth.permission",
    "pk": 34,
    "fields": {
        "name": "Can change item group",
        "content_type": 9,
        "codename": "change_itemgroup"
    }
},
{
    "model": "auth.permission",
    "pk": 35,
    "fields": {
        "name": "Can delete item group",
        "content_type": 9,
        "codename": "delete_itemgroup"
    }
},
{
    "model": "auth.permission",
    "pk": 36,
    "fields": {
        "name": "Can view item group",
        "content_type": 9,
        "codename": "view_itemgroup"
    }
},
{
    "model": "auth.permission",
    "pk": 37,
    "fields": {
        "name": "Can add calculator order",
        "content_type": 10,
        "codename": "add_calculatororder"
    }
},
{
    "model": "auth.permission",
    "pk": 38,
    "fields": {
        "name": "Can change calculator order",
        "content_type": 10,
        "codename": "change_calculatororder"
    }
},
{
    "model": "auth.permission",
    "pk": 39,
    "fields": {
        "name": "Can delete calculator order",
        "content_type": 10,
        "codename": "delete_calculatororder"
    }
},
{
    "model": "auth.permission",
    "pk": 40,
    "fields": {
        "name": "Can view calculator order",
        "content_type": 10,
        "codename": "view_calculatororder"
    }
},
{
    "model": "auth.permission",
    "pk": 41,
    "fields": {
        "name": "Can add calculator item",
        "content_type": 11,
        "codename": "add_calculatoritem"
    }
},
{
    "model": "auth.permission",
    "pk": 42,
    "fields": {
        "name": "Can change calculator item",
        "content_type": 11,
        "codename": "change_calculatoritem"
    }
},
{
    "model": "auth.permission",
    "pk": 43,
    "fields": {
        "name": "Can delete calculator item",
        "content_type": 11,
        "codename": "delete_calculatoritem"
    }
},
{
    "model": "auth.permission",
    "pk": 44,
    "fields": {
        "name": "Can view calculator item",
        "content_type": 11,
        "codename": "view_calculatoritem"
    }
},
{
    "model": "auth.permission",
    "pk": 45,
    "fields": {
        "name": "Can add type of ppe",
        "content_type": 12,
        "codename": "add_typeofppe"
    }
},
{
    "model": "auth.permission",
    "pk": 46,
    "fields": {
        "name": "Can change type of ppe",
        "content_type": 12,
        "codename": "change_typeofppe"
    }
},
{
    "model": "auth.permission",
    "pk": 47,
    "fields": {
        "name": "Can delete type of ppe",
        "content_type": 12,
        "codename": "delete_typeofppe"
    }
},
{
    "model": "auth.permission",
    "pk": 48,
    "fields": {
        "name": "Can view type of ppe",
        "content_type": 12,
        "codename": "view_typeofppe"
    }
},
{
    "model": "auth.permission",
    "pk": 49,
    "fields": {
        "name": "Can add Material Type",
        "content_type": 13,
        "codename": "add_materialtype"
    }
},
{
    "model": "auth.permission",
    "pk": 50,
    "fields": {
        "name": "Can change Material Type",
        "content_type": 13,
        "codename": "change_materialtype"
    }
},
{
    "model": "auth.permission",
    "pk": 51,
    "fields": {
        "name": "Can delete Material Type",
        "content_type": 13,
        "codename": "delete_materialtype"
    }
},
{
    "model": "auth.permission",
    "pk": 52,
    "fields": {
        "name": "Can view Material Type",
        "content_type": 13,
        "codename": "view_materialtype"
    }
},
{
    "model": "auth.permission",
    "pk": 53,
    "fields": {
        "name": "Can add standard ppe",
        "content_type": 14,
        "codename": "add_standardppe"
    }
},
{
    "model": "auth.permission",
    "pk": 54,
    "fields": {
        "name": "Can change standard ppe",
        "content_type": 14,
        "codename": "change_standardppe"
    }
},
{
    "model": "auth.permission",
    "pk": 55,
    "fields": {
        "name": "Can delete standard ppe",
        "content_type": 14,
        "codename": "delete_standardppe"
    }
},
{
    "model": "auth.permission",
    "pk": 56,
    "fields": {
        "name": "Can view standard ppe",
        "content_type": 14,
        "codename": "view_standardppe"
    }
},
{
    "model": "auth.permission",
    "pk": 57,
    "fields": {
        "name": "Can add manufacturer",
        "content_type": 15,
        "codename": "add_manufacturer"
    }
},
{
    "model": "auth.permission",
    "pk": 58,
    "fields": {
        "name": "Can change manufacturer",
        "content_type": 15,
        "codename": "change_manufacturer"
    }
},
{
    "model": "auth.permission",
    "pk": 59,
    "fields": {
        "name": "Can delete manufacturer",
        "content_type": 15,
        "codename": "delete_manufacturer"
    }
},
{
    "model": "auth.permission",
    "pk": 60,
    "fields": {
        "name": "Can view manufacturer",
        "content_type": 15,
        "codename": "view_manufacturer"
    }
},
{
    "model": "auth.permission",
    "pk": 61,
    "fields": {
        "name": "Can add Revision Data",
        "content_type": 16,
        "codename": "add_revisiondata"
    }
},
{
    "model": "auth.permission",
    "pk": 62,
    "fields": {
        "name": "Can change Revision Data",
        "content_type": 16,
        "codename": "change_revisiondata"
    }
},
{
    "model": "auth.permission",
    "pk": 63,
    "fields": {
        "name": "Can delete Revision Data",
        "content_type": 16,
        "codename": "delete_revisiondata"
    }
},
{
    "model": "auth.permission",
    "pk": 64,
    "fields": {
        "name": "Can view Revision Data",
        "content_type": 16,
        "codename": "view_revisiondata"
    }
},
{
    "model": "auth.permission",
    "pk": 65,
    "fields": {
        "name": "Can add revision record",
        "content_type": 17,
        "codename": "add_revisionrecord"
    }
},
{
    "model": "auth.permission",
    "pk": 66,
    "fields": {
        "name": "Can change revision record",
        "content_type": 17,
        "codename": "change_revisionrecord"
    }
},
{
    "model": "auth.permission",
    "pk": 67,
    "fields": {
        "name": "Can delete revision record",
        "content_type": 17,
        "codename": "delete_revisionrecord"
    }
},
{
    "model": "auth.permission",
    "pk": 68,
    "fields": {
        "name": "Can view revision record",
        "content_type": 17,
        "codename": "view_revisionrecord"
    }
},
{
    "model": "auth.permission",
    "pk": 69,
    "fields": {
        "name": "Can add lifetime of ppe",
        "content_type": 18,
        "codename": "add_lifetimeofppe"
    }
},
{
    "model": "auth.permission",
    "pk": 70,
    "fields": {
        "name": "Can change lifetime of ppe",
        "content_type": 18,
        "codename": "change_lifetimeofppe"
    }
},
{
    "model": "auth.permission",
    "pk": 71,
    "fields": {
        "name": "Can delete lifetime of ppe",
        "content_type": 18,
        "codename": "delete_lifetimeofppe"
    }
},
{
    "model": "auth.permission",
    "pk": 72,
    "fields": {
        "name": "Can view lifetime of ppe",
        "content_type": 18,
        "codename": "view_lifetimeofppe"
    }
},
{
    "model": "auth.group",
    "pk": 1,
    "fields": {
        "name": "basic_user",
        "permissions": [
            25,
            28,
            24,
            30,
            32,
            33,
            34,
            35,
            36,
            72,
            60,
            52,
            64,
            68,
            56,
            48
        ]
    }
},
{
    "model": "contenttypes.contenttype",
    "pk": 1,
    "fields": {
        "app_label": "admin",
        "model": "logentry"
    }
},
{
    "model": "contenttypes.contenttype",
    "pk": 2,
    "fields": {
        "app_label": "auth",
        "model": "permission"
    }
},
{
    "model": "contenttypes.contenttype",
    "pk": 3,
    "fields": {
        "app_label": "auth",
        "model": "group"
    }
},
{
    "model": "contenttypes.contenttype",
    "pk": 4,
    "fields": {
        "app_label": "contenttypes",
        "model": "contenttype"
    }
},
{
    "model": "contenttypes.contenttype",
    "pk": 5,
    "fields": {
        "app_label": "sessions",
        "model": "session"
    }
},
{
    "model": "contenttypes.contenttype",
    "pk": 6,
    "fields": {
        "app_label": "accounts",
        "model": "country"
    }
},
{
    "model": "contenttypes.contenttype",
    "pk": 7,
    "fields": {
        "app_label": "accounts",
        "model": "company"
    }
},
{
    "model": "contenttypes.contenttype",
    "pk": 8,
    "fields": {
        "app_label": "accounts",
        "model": "customuser"
    }
},
{
    "model": "contenttypes.contenttype",
    "pk": 9,
    "fields": {
        "app_label": "accounts",
        "model": "itemgroup"
    }
},
{
    "model": "contenttypes.contenttype",
    "pk": 10,
    "fields": {
        "app_label": "calculator",
        "model": "calculatororder"
    }
},
{
    "model": "contenttypes.contenttype",
    "pk": 11,
    "fields": {
        "app_label": "calculator",
        "model": "calculatoritem"
    }
},
{
    "model": "contenttypes.contenttype",
    "pk": 12,
    "fields": {
        "app_label": "revisions",
        "model": "typeofppe"
    }
},
{
    "model": "contenttypes.contenttype",
    "pk": 13,
    "fields": {
        "app_label": "revisions",
        "model": "materialtype"
    }
},
{
    "model": "contenttypes.contenttype",
    "pk": 14,
    "fields": {
        "app_label": "revisions",
        "model": "standardppe"
    }
},
{
    "model": "contenttypes.contenttype",
    "pk": 15,
    "fields": {
        "app_label": "revisions",
        "model": "manufacturer"
    }
},
{
    "model": "contenttypes.contenttype",
    "pk": 16,
    "fields": {
        "app_label": "revisions",
        "model": "revisiondata"
    }
},
{
    "model": "contenttypes.contenttype",
    "pk": 17,
    "fields": {
        "app_label": "revisions",
        "model": "revisionrecord"
    }
},
{
    "model": "contenttypes.contenttype",
    "pk": 18,
    "fields": {
        "app_label": "revisions",
        "model": "lifetimeofppe"
    }
},
{
    "model": "sessions.session",
    "pk": "6rbuuufg0blp5ms73aact7kw6f0al584",
    "fields": {
        "session_data": ".eJxVjEsOwiAUAO_C2hA-hQcu3fcMBN4DqRqalHZlvLsh6UK3M5N5sxCPvYaj5y0sxK5MsssvSxGfuQ1Bj9juK8e17duS-Ej4aTufV8qv29n-DWrsdWyFRYSiZNGGZKFCXhs_ISiF6KPJRMJ5UEmjKgmAlMjWT2CkTTo7xz5f7fQ35A:1tUt2m:0FKHs6M1IwOrWr4yyVEkuFAVzXZdn1YYCch3U12FqNY",
        "expire_date": "2025-01-20T19:45:44.128Z"
    }
},
{
    "model": "sessions.session",
    "pk": "agpltit8xer8iquoaqrszrb6iw0c5m89",
    "fields": {
        "session_data": ".eJxVjEsOwiAUAO_C2hA-hQcu3fcMBN4DqRqalHZlvLsh6UK3M5N5sxCPvYaj5y0sxK5MsssvSxGfuQ1Bj9juK8e17duS-Ej4aTufV8qv29n-DWrsdWyFRYSiZNGGZKFCXhs_ISiF6KPJRMJ5UEmjKgmAlMjWT2CkTTo7xz5f7fQ35A:1tYsqS:tpH3EocUjQy_SL5yHCrZ75HVCvTHJRkcTo1RDNP-Vd0",
        "expire_date": "2025-01-31T20:21:32.718Z"
    }
},
{
    "model": "sessions.session",
    "pk": "aw7xbaqq81nembj8olrbi8o4omzn59nu",
    "fields": {
        "session_data": ".eJxVjEsOwiAUAO_C2hA-hQcu3fcMBN4DqRqalHZlvLsh6UK3M5N5sxCPvYaj5y0sxK5MsssvSxGfuQ1Bj9juK8e17duS-Ej4aTufV8qv29n-DWrsdWyFRYSiZNGGZKFCXhs_ISiF6KPJRMJ5UEmjKgmAlMjWT2CkTTo7xz5f7fQ35A:1tXhyq:Z9Kcg9zWw6aVQUKzz2GWXJs4TuL_9hZfYOUiL-P6mas",
        "expire_date": "2025-01-28T14:33:20.157Z"
    }
},
{
    "model": "sessions.session",
    "pk": "g9iox2xkehotnmsqjb7pje0qawv26rdl",
    "fields": {
        "session_data": ".eJxVjEsOwiAUAO_C2hA-hQcu3fcMBN4DqRqalHZlvLsh6UK3M5N5sxCPvYaj5y0sxK5MsssvSxGfuQ1Bj9juK8e17duS-Ej4aTufV8qv29n-DWrsdWyFRYSiZNGGZKFCXhs_ISiF6KPJRMJ5UEmjKgmAlMjWT2CkTTo7xz5f7fQ35A:1tUrSS:691ZOb3Mn_JbYnJY2rhXQu58qCiAT-2qytuxB6Xuujw",
        "expire_date": "2025-01-20T18:04:08.165Z"
    }
},
{
    "model": "sessions.session",
    "pk": "ggw5llab72r8ehjo62slb9xjfgv4050q",
    "fields": {
        "session_data": ".eJxVjEsOwiAUAO_C2hA-hQcu3fcMBN4DqRqalHZlvLsh6UK3M5N5sxCPvYaj5y0sxK5MsssvSxGfuQ1Bj9juK8e17duS-Ej4aTufV8qv29n-DWrsdWyFRYSiZNGGZKFCXhs_ISiF6KPJRMJ5UEmjKgmAlMjWT2CkTTo7xz5f7fQ35A:1tMBiY:Dn37LQDrbadyZJ4yudSkwxRUWvQuUHXdQoBQ-0uxV9s",
        "expire_date": "2024-12-27T19:52:54.964Z"
    }
},
{
    "model": "sessions.session",
    "pk": "m5wj69qsp6onfyupqk4zb3ywxf03yhc0",
    "fields": {
        "session_data": ".eJxVjEsOwiAUAO_C2hA-hQcu3fcMBN4DqRqalHZlvLsh6UK3M5N5sxCPvYaj5y0sxK5MsssvSxGfuQ1Bj9juK8e17duS-Ej4aTufV8qv29n-DWrsdWyFRYSiZNGGZKFCXhs_ISiF6KPJRMJ5UEmjKgmAlMjWT2CkTTo7xz5f7fQ35A:1tMTRU:yX1fJOAXIbRFniLHiQAcu7NW-cH0yMJRhtqMQeav6og",
        "expire_date": "2024-12-28T14:48:28.834Z"
    }
},
{
    "model": "sessions.session",
    "pk": "nc5t8aoeg5219fzoih54a07glq382je9",
    "fields": {
        "session_data": ".eJxVjEsOwiAUAO_C2hA-hQcu3fcMBN4DqRqalHZlvLsh6UK3M5N5sxCPvYaj5y0sxK5MsssvSxGfuQ1Bj9juK8e17duS-Ej4aTufV8qv29n-DWrsdWyFRYSiZNGGZKFCXhs_ISiF6KPJRMJ5UEmjKgmAlMjWT2CkTTo7xz5f7fQ35A:1tV98M:Xwi1i1tCNGmfVFW9wlqjocg5eKfBj3tU_wj8jAqpwV8",
        "expire_date": "2025-01-21T12:56:34.233Z"
    }
},
{
    "model": "sessions.session",
    "pk": "t07zt5ut2mdx0m4766zo0bgz0v2u77i2",
    "fields": {
        "session_data": ".eJxVjEEOwiAQRe_C2pAppQy4dO8ZyMCAVA0kpV0Z765NutDtf-_9l_C0rcVvPS1-ZnEWSpx-t0DxkeoO-E711mRsdV3mIHdFHrTLa-P0vBzu30GhXr41RKSYLQXt4gBBgeGRp6QdarSYtNKYGTAOwdIYsqHJIJDjlAGcUqN4fwDsJDfO:1tZJEz:P4obH-8n3_wlrmzqEA9IhaTm1jL4ZdhCFvkM5dbugsk",
        "expire_date": "2025-02-02T00:32:37.830Z"
    }
},
{
    "model": "sessions.session",
    "pk": "vazz75u6mwiezdoixj2se4nowsmrp80h",
    "fields": {
        "session_data": ".eJxVjEsOwiAUAO_C2hA-hQcu3fcMBN4DqRqalHZlvLsh6UK3M5N5sxCPvYaj5y0sxK5MsssvSxGfuQ1Bj9juK8e17duS-Ej4aTufV8qv29n-DWrsdWyFRYSiZNGGZKFCXhs_ISiF6KPJRMJ5UEmjKgmAlMjWT2CkTTo7xz5f7fQ35A:1tTqQR:bZqnsQwVXicg5LmiTDted0XV0dHbUYLE1tbkHe7mmVM",
        "expire_date": "2025-01-17T22:45:51.593Z"
    }
},
{
    "model": "sessions.session",
    "pk": "wwpgnjd3r3yec4vumfsd1vcek11whnr8",
    "fields": {
        "session_data": ".eJxVjEsOwiAUAO_C2hA-hQcu3fcMBN4DqRqalHZlvLsh6UK3M5N5sxCPvYaj5y0sxK5MsssvSxGfuQ1Bj9juK8e17duS-Ej4aTufV8qv29n-DWrsdWyFRYSiZNGGZKFCXhs_ISiF6KPJRMJ5UEmjKgmAlMjWT2CkTTo7xz5f7fQ35A:1tUtUU:cDTnD-GD68Wh3T5nJm9_qu_GPhB-nLtawSKuzIXPa7g",
        "expire_date": "2025-01-20T20:14:22.668Z"
    }
},
{
    "model": "accounts.country",
    "pk": 1,
    "fields": {
        "name": "Czech Republic",
        "language_code": "CZ",
        "postcode_validator": "\\d{5}",
        "postcode_format": "12345",
        "phone_number_prefix": "+420",
        "phone_number_validator": "^(?:\\+420)?\\d{9}$",
        "phone_number_format": "123456789",
        "business_id_validator": "^\\d{8}$",
        "business_id_format": "12345678",
        "tax_id_prefix": "CZ",
        "tax_id_validator": "\\d{10}$",
        "tax_id_format": "CZ0123456789"
    }
},
{
    "model": "accounts.company",
    "pk": 2,
    "fields": {
        "logo": "",
        "name": "Revize CZ",
        "country": 1,
        "address": "Poděbradova 712",
        "city": "Úvaly",
        "postcode": "25082",
        "phone_number": "+420605728384",
        "business_id": "03368351",
        "tax_id": "CZ9303070832",
        "date_joined": "2024-12-14T01:15:32.390Z",
        "last_updated": "2025-01-17T23:30:43.076Z"
    }
},
{
    "model": "accounts.company",
    "pk": 4,
    "fields": {
        "logo": "",
        "name": "Chceme revize",
        "country": 1,
        "address": "Revizni 105",
        "city": "Praha",
        "postcode": "181 00",
        "phone_number": "+420777555333",
        "business_id": "76543210",
        "tax_id": "CZ9876543210",
        "date_joined": "2025-01-14T13:02:08.379Z",
        "last_updated": "2025-01-14T13:02:08.379Z"
    }
},
{
    "model": "accounts.company",
    "pk": 5,
    "fields": {
        "logo": "",
        "name": "Normalni spolecnost",
        "country": 1,
        "address": "Normalni 100",
        "city": "Praha",
        "postcode": "108 00",
        "phone_number": "+420111222333",
        "business_id": "12345678",
        "tax_id": "CZ9876543210",
        "date_joined": "2025-01-14T15:36:15.750Z",
        "last_updated": "2025-01-16T00:43:51.678Z"
    }
},
{
    "model": "accounts.company",
    "pk": 8,
    "fields": {
        "logo": "",
        "name": "Testovaci firma",
        "country": 1,
        "address": "Prostredni 102",
        "city": "Horoušánky",
        "postcode": "25082",
        "phone_number": "+420666777888",
        "business_id": "12345666",
        "tax_id": "CZ1234567890",
        "date_joined": "2025-01-18T19:31:27.227Z",
        "last_updated": "2025-01-18T19:31:27.227Z"
    }
},
{
    "model": "accounts.customuser",
    "pk": 1,
    "fields": {
        "password": "pbkdf2_sha256$870000$3CWajtWvzbjNkyw5d4VF8v$ucRWdehadWqBQOG/6669XvGbX6chnZil6P8/uRqcbHI=",
        "last_login": "2025-01-18T21:45:05.866Z",
        "is_superuser": true,
        "username": "Admin-oopp",
        "first_name": "Jaroslav",
        "last_name": "Adam",
        "email": "jardadam@gmail.com",
        "is_staff": true,
        "is_active": true,
        "date_joined": "2024-12-13T19:52:41Z",
        "photo": "",
        "company": null,
        "country": 1,
        "address": "Poděbradova 712",
        "city": "Úvaly",
        "postcode": "25082",
        "phone_number": "+420605728384",
        "business_id": "03368051",
        "tax_id": "CZ9303070032",
        "last_updated": "2025-01-18T20:28:42.570Z",
        "groups": [],
        "user_permissions": []
    }
},
{
    "model": "accounts.customuser",
    "pk": 2,
    "fields": {
        "password": "pbkdf2_sha256$870000$pFFsbFUHY5vPI3kLkF6XyG$PxHz5mPLEOuegTCFR4pElrouyu3y5+5CxjK+94sLZUw=",
        "last_login": "2025-01-19T00:07:16.181Z",
        "is_superuser": false,
        "username": "user_revision",
        "first_name": "Revizni",
        "last_name": "Technik",
        "email": "revizni@technik.cz",
        "is_staff": false,
        "is_active": true,
        "date_joined": "2024-12-14T01:15:32Z",
        "photo": "",
        "company": 2,
        "country": 1,
        "address": "Poděbradova 712",
        "city": "Úvaly",
        "postcode": "25082",
        "phone_number": "+420605728384",
        "business_id": "03368351",
        "tax_id": "CZ9303030708",
        "last_updated": "2025-01-19T00:34:20.979Z",
        "groups": [],
        "user_permissions": []
    }
},
{
    "model": "accounts.customuser",
    "pk": 3,
    "fields": {
        "password": "pbkdf2_sha256$870000$EhMLgtkD1symDZ3iUMVprA$7kWsFEwpaGWeqVK6wKCwax07aH9a/JrMHM6vR/mEJY0=",
        "last_login": "2025-01-15T16:32:12.706Z",
        "is_superuser": false,
        "username": "First_user_only_create_new",
        "first_name": "Normalní",
        "last_name": "Uživtel",
        "email": "jsem@seznam.cz",
        "is_staff": false,
        "is_active": true,
        "date_joined": "2025-01-13T18:21:01Z",
        "photo": "",
        "company": 5,
        "country": 1,
        "address": "Průběžná 103",
        "city": "Horoušany",
        "postcode": "25082",
        "phone_number": "+420605728384",
        "business_id": "01234567",
        "tax_id": "CZ9303030702",
        "last_updated": "2025-01-14T20:45:27.358Z",
        "groups": [
            1
        ],
        "user_permissions": []
    }
},
{
    "model": "accounts.customuser",
    "pk": 4,
    "fields": {
        "password": "pbkdf2_sha256$870000$aDdSkAq2g9fD7j1MHW8SwV$3A8fW4T5UW7Jx++654gTZDVFQW+urUhsKbsSRp3nKFw=",
        "last_login": "2025-01-14T14:31:30Z",
        "is_superuser": false,
        "username": "Revision_Technic",
        "first_name": "Revizak",
        "last_name": "Revidovací",
        "email": "revize@revizaci.cz",
        "is_staff": false,
        "is_active": true,
        "date_joined": "2025-01-14T14:31:29Z",
        "photo": "",
        "company": 2,
        "country": 1,
        "address": "Poděbradova 805",
        "city": "Škvorec",
        "postcode": "250 82",
        "phone_number": "+420777888999",
        "business_id": "12345678",
        "tax_id": "CZ0123456789",
        "last_updated": "2025-01-14T14:33:57.983Z",
        "groups": [],
        "user_permissions": []
    }
},
{
    "model": "accounts.customuser",
    "pk": 5,
    "fields": {
        "password": "pbkdf2_sha256$870000$265CgJ5xUF99JVgl0sNTf7$aV1fN1N3zs3EV1qGSVXNF++h+1EwBCXlHlzFYlP4Org=",
        "last_login": "2025-01-14T17:27:19.735Z",
        "is_superuser": false,
        "username": "user_add_company",
        "first_name": "Uzivatel",
        "last_name": "Firmy",
        "email": "firemn@email.com",
        "is_staff": false,
        "is_active": true,
        "date_joined": "2025-01-14T17:27:18.912Z",
        "photo": "",
        "company": 5,
        "country": 1,
        "address": "za rybnikem 15",
        "city": "Řiť",
        "postcode": "15020",
        "phone_number": "+420111222333",
        "business_id": "12365478",
        "tax_id": "CZ0987654321",
        "last_updated": "2025-01-14T18:21:55.546Z",
        "groups": [],
        "user_permissions": []
    }
},
{
    "model": "accounts.customuser",
    "pk": 27,
    "fields": {
        "password": "pbkdf2_sha256$870000$moiceHDi1xccouDCISZowK$DYymB3YHvTfVZmZxABNTwixr06MUR95TNRUe9L20mqI=",
        "last_login": "2025-01-15T15:10:06.360Z",
        "is_superuser": false,
        "username": "Chci_revizi",
        "first_name": "Honza",
        "last_name": "Zakaznik",
        "email": "jardadam93@gmail.com",
        "is_staff": false,
        "is_active": true,
        "date_joined": "2025-01-15T15:10:05.545Z",
        "photo": "",
        "company": null,
        "country": 1,
        "address": "Dlouhá",
        "city": "Horoušany",
        "postcode": "250 82",
        "phone_number": "+420605728384",
        "business_id": "23456789",
        "tax_id": "CZ8765432191",
        "last_updated": "2025-01-15T15:10:06.335Z",
        "groups": [],
        "user_permissions": []
    }
},
{
    "model": "accounts.itemgroup",
    "pk": 1,
    "fields": {
        "photo": "media/item_group/1_Tree_Contractor.jpg",
        "name": "Batoh výškovky",
        "user": 1,
        "company": null,
        "created": "2025-01-04T21:59:30.539Z",
        "updated": "2025-01-15T21:26:34.044Z"
    }
},
{
    "model": "accounts.itemgroup",
    "pk": 2,
    "fields": {
        "photo": "",
        "name": "Batoh",
        "user": 3,
        "company": 5,
        "created": "2025-01-13T19:54:07.251Z",
        "updated": "2025-01-16T00:44:15.834Z"
    }
},
{
    "model": "accounts.itemgroup",
    "pk": 5,
    "fields": {
        "photo": "",
        "name": "kufr",
        "user": 3,
        "company": null,
        "created": "2025-01-14T01:22:11.778Z",
        "updated": "2025-01-14T01:22:11.778Z"
    }
},
{
    "model": "accounts.itemgroup",
    "pk": 6,
    "fields": {
        "photo": "",
        "name": "Červený batoh",
        "user": 4,
        "company": 2,
        "created": "2025-01-14T14:35:02.253Z",
        "updated": "2025-01-14T20:30:38.561Z"
    }
},
{
    "model": "accounts.itemgroup",
    "pk": 7,
    "fields": {
        "photo": "",
        "name": "Kufr",
        "user": 27,
        "company": null,
        "created": "2025-01-15T15:10:41.385Z",
        "updated": "2025-01-15T15:10:41.385Z"
    }
},
{
    "model": "accounts.itemgroup",
    "pk": 10,
    "fields": {
        "photo": "media/item_group/1_Tree_Contractor.jpg",
        "name": "Arbo Bag",
        "user": 1,
        "company": null,
        "created": "2025-01-15T21:35:10.049Z",
        "updated": "2025-01-15T21:35:10.049Z"
    }
},
{
    "model": "accounts.itemgroup",
    "pk": 12,
    "fields": {
        "photo": "",
        "name": "rescue batoh",
        "user": 1,
        "company": 2,
        "created": "2025-01-18T19:35:52.536Z",
        "updated": "2025-01-18T19:37:29.035Z"
    }
},
{
    "model": "revisions.materialtype",
    "pk": 1,
    "fields": {
        "symbol": "",
        "name": "Harness"
    }
},
{
    "model": "revisions.materialtype",
    "pk": 2,
    "fields": {
        "symbol": "",
        "name": "Textile PPE"
    }
},
{
    "model": "revisions.materialtype",
    "pk": 3,
    "fields": {
        "symbol": "",
        "name": "Rope"
    }
},
{
    "model": "revisions.materialtype",
    "pk": 5,
    "fields": {
        "symbol": "",
        "name": "Metal PPE"
    }
},
{
    "model": "revisions.materialtype",
    "pk": 6,
    "fields": {
        "symbol": "",
        "name": "Helmet"
    }
},
{
    "model": "revisions.materialtype",
    "pk": 19,
    "fields": {
        "symbol": "static/image/material/pulley_system.png",
        "name": "Pulleys"
    }
},
{
    "model": "revisions.standardppe",
    "pk": 1,
    "fields": {
        "image": "static/image/standard_ppe/logo/en-341.jpg",
        "code": "EN 341",
        "description": "Descenders, Slaňovací brzdy"
    }
},
{
    "model": "revisions.standardppe",
    "pk": 2,
    "fields": {
        "image": "static/image/standard_ppe/logo/en-353.jpg",
        "code": "EN 353-1, 2",
        "description": "Fall arresters, Pohyblivé zachycovače pádu"
    }
},
{
    "model": "revisions.standardppe",
    "pk": 3,
    "fields": {
        "image": "static/image/standard_ppe/logo/en-354.jpg",
        "code": "EN 354",
        "description": "Fasteners, Spojovací prostředky"
    }
},
{
    "model": "revisions.standardppe",
    "pk": 4,
    "fields": {
        "image": "static/image/standard_ppe/logo/en-355.jpg",
        "code": "EN 355",
        "description": "Fall absorbers, Tlumiče pádu"
    }
},
{
    "model": "revisions.standardppe",
    "pk": 5,
    "fields": {
        "image": "static/image/standard_ppe/logo/en-360.jpg",
        "code": "EN 360",
        "description": "Retractable fall arrester, Zatahovací zachycovače pádu"
    }
},
{
    "model": "revisions.standardppe",
    "pk": 6,
    "fields": {
        "image": "static/image/standard_ppe/logo/en-361.jpg",
        "code": "EN 361",
        "description": "Full body harnesses, Zachycovací postroje"
    }
},
{
    "model": "revisions.standardppe",
    "pk": 10,
    "fields": {
        "image": "static/image/standard_ppe/logo/en-362.jpg",
        "code": "EN 362",
        "description": "Conectors, Spojky"
    }
},
{
    "model": "revisions.standardppe",
    "pk": 11,
    "fields": {
        "image": "static/image/standard_ppe/logo/en-813.jpg",
        "code": "EN 813",
        "description": "Sit harnesses, Sedací postroje"
    }
},
{
    "model": "revisions.standardppe",
    "pk": 12,
    "fields": {
        "image": "static/image/standard_ppe/logo/en-397.jpg",
        "code": "EN 397",
        "description": "Industrial safety helmets, Průmyslové ochranné přilby"
    }
},
{
    "model": "revisions.standardppe",
    "pk": 13,
    "fields": {
        "image": "static/image/standard_ppe/logo/en-358.jpg",
        "code": "EN 358",
        "description": "Work positioning systems, Pracovní polohovací systémy"
    }
},
{
    "model": "revisions.standardppe",
    "pk": 14,
    "fields": {
        "image": "static/image/standard_ppe/logo/en-795.jpg",
        "code": "EN 795, EN 795/A1",
        "description": "Anchor devices, Kotvící zařízení"
    }
},
{
    "model": "revisions.standardppe",
    "pk": 15,
    "fields": {
        "image": "static/image/standard_ppe/logo/en-1496.jpg",
        "code": "EN 1496",
        "description": "Rescue lifting devices, záchranné zdvihací zařízení"
    }
},
{
    "model": "revisions.standardppe",
    "pk": 16,
    "fields": {
        "image": "static/image/standard_ppe/logo/en-388.jpg",
        "code": "EN 388",
        "description": "Protection gloves against mechanical risks, Ochranné rukavice proti mechanickým rizikům"
    }
},
{
    "model": "revisions.standardppe",
    "pk": 17,
    "fields": {
        "image": "static/image/standard_ppe/logo/en-564.jpg",
        "code": "EN 564",
        "description": "Accessory cords, Pomocné šňůry"
    }
},
{
    "model": "revisions.standardppe",
    "pk": 18,
    "fields": {
        "image": "static/image/standard_ppe/logo/en-566.jpg",
        "code": "EN 566",
        "description": "Mountaineering equipment Slings, Horolezecká výzbroj Smyčky"
    }
},
{
    "model": "revisions.standardppe",
    "pk": 19,
    "fields": {
        "image": "static/image/standard_ppe/logo/en-567.jpg",
        "code": "EN 567",
        "description": "Mountaineering equipment\r\nRope clamps, Horolezecká výzbroj\r\nLanové svěrky, blokanty"
    }
},
{
    "model": "revisions.standardppe",
    "pk": 20,
    "fields": {
        "image": "static/image/standard_ppe/logo/en-892.jpg",
        "code": "EN 892",
        "description": "Mountaineering equipment\r\nDynamic (strech) ropes, Horolezecká výzbroj Dynamická (průtažná) horolezecká lana"
    }
},
{
    "model": "revisions.standardppe",
    "pk": 21,
    "fields": {
        "image": "static/image/standard_ppe/logo/en-959.jpg",
        "code": "EN 959",
        "description": "Mountaineering equipment\r\nRock anchors, Horolezecká výzbroj Zavrtávané skoby (borháky, nýty)"
    }
},
{
    "model": "revisions.standardppe",
    "pk": 22,
    "fields": {
        "image": "static/image/standard_ppe/logo/en-1497.jpg",
        "code": "EN 1497",
        "description": "Rescue harnesses, Záchranné postroje"
    }
},
{
    "model": "revisions.standardppe",
    "pk": 23,
    "fields": {
        "image": "static/image/standard_ppe/logo/en-1498.jpg",
        "code": "EN 1498",
        "description": "Rescue loops, Záchranné smyčky"
    }
},
{
    "model": "revisions.standardppe",
    "pk": 24,
    "fields": {
        "image": "static/image/standard_ppe/logo/en-1808.jpg",
        "code": "EN 1808",
        "description": "Safety requirements for suspended access equipment, Bezpečnostní požadavky na závěsné plošiny"
    }
},
{
    "model": "revisions.standardppe",
    "pk": 25,
    "fields": {
        "image": "static/image/standard_ppe/logo/en-1891.jpg",
        "code": "EN 1891",
        "description": "Low stretch kernmantel ropes, Nízko průtažná lana s opleteným jádrem"
    }
},
{
    "model": "revisions.standardppe",
    "pk": 26,
    "fields": {
        "image": "static/image/standard_ppe/logo/en-12275.jpg",
        "code": "EN 12275",
        "description": "Mountaineering equipment Connectors, Horolezecká výzbroj Karabiny"
    }
},
{
    "model": "revisions.standardppe",
    "pk": 27,
    "fields": {
        "image": "static/image/standard_ppe/logo/en-12277.jpg",
        "code": "EN 12277",
        "description": "Mountaineering equipment Harnesses, Horolezecká výzbroj Navazovací úvazky (sedáky)"
    }
},
{
    "model": "revisions.standardppe",
    "pk": 28,
    "fields": {
        "image": "static/image/standard_ppe/logo/en-12278.jpg",
        "code": "EN 12278",
        "description": "Mountaineering equipment Pulleys, Horolezecká výzbroj Kladky"
    }
},
{
    "model": "revisions.standardppe",
    "pk": 29,
    "fields": {
        "image": "static/image/standard_ppe/logo/en-12492.jpg",
        "code": "EN 12492",
        "description": "Mountaineering equipment Helmets for mountaineers, Horolezecká výstroj Přilby pro horolezce"
    }
},
{
    "model": "revisions.standardppe",
    "pk": 30,
    "fields": {
        "image": "static/image/standard_ppe/logo/en-12841.jpg",
        "code": "EN 12841",
        "description": "Descender device for rope access system and rope adjustment devices, Systémy lanového přístupu, nastavovací zařízení lana"
    }
},
{
    "model": "revisions.standardppe",
    "pk": 31,
    "fields": {
        "image": "static/image/standard_ppe/logo/en-15151.jpg",
        "code": "EN 15151-2",
        "description": "Mountaineering equipment Braking devices, Horolezecká výzbroj Brzdicí (jisticí) prostředky s manuálním ovládáním brzdění"
    }
},
{
    "model": "revisions.standardppe",
    "pk": 32,
    "fields": {
        "image": "static/image/standard_ppe/logo/z3591.jpg",
        "code": "ANSI Z359.1",
        "description": "Safety Requirements for Personal Fall Arrest Systems, Subsystems and Components, Bezpečnostní požadavky pro osobní ochranné prostředky pro zachycení pádu, jejich části a komponenty."
    }
},
{
    "model": "revisions.standardppe",
    "pk": 33,
    "fields": {
        "image": "static/image/standard_ppe/logo/ts-16415.jpg",
        "code": "CEN/TS 16415",
        "description": "Recommendations for anchor devices for use by more than one person simultaneously, Prostředky ochrany osob proti pádu – Kotvicí zařízení – Doporučení pro kotvicí zařízení v případě použití více než jednou osobou současně."
    }
},
{
    "model": "revisions.standardppe",
    "pk": 34,
    "fields": {
        "image": "static/image/standard_ppe/logo/npfa-2.jpg",
        "code": "NFPA Class II",
        "description": "Defined by NFPA 1983 as being designed to fit around the waist and thighs or under the buttocks and may be utilized for  a maximum of a two-person load, Podle NFPA 1983 je Class II definována jako takové konstrukční navržení, aby se výrobek vešel kolem pasu a stehen nebo pod hýždě, a mohl být využit pro maximální zatížení pro dvě osoby."
    }
},
{
    "model": "revisions.standardppe",
    "pk": 35,
    "fields": {
        "image": "static/image/standard_ppe/logo/npfa-3.jpg",
        "code": "NFPA Class III",
        "description": "Defined by NFPA 1983 as being designed to fit around the waist and thighs or under the buttocks and over both shoulders, rated for as maximum of a two-person load and is designed to prevent inverting, Podle NFPA 1983 je Class III definována jako takové konstrukční navržení, aby se výrobek vešel kolem pasu a stehen, nebo pod hýždě, a přes obě ramena, s maximálním zatížením dvou osob a je navržen tak, aby zabránil převrácení."
    }
},
{
    "model": "revisions.manufacturer",
    "pk": 5,
    "fields": {
        "logo": "static/image/manufacturer/logo/Singing_Rock_RGB-03.jpg",
        "name": "Singing Rock"
    }
},
{
    "model": "revisions.manufacturer",
    "pk": 6,
    "fields": {
        "logo": "",
        "name": "Petzl"
    }
},
{
    "model": "revisions.manufacturer",
    "pk": 7,
    "fields": {
        "logo": "",
        "name": "climbing technology"
    }
},
{
    "model": "revisions.manufacturer",
    "pk": 8,
    "fields": {
        "logo": "",
        "name": "SKYLOTEC"
    }
},
{
    "model": "revisions.manufacturer",
    "pk": 10,
    "fields": {
        "logo": "",
        "name": "Rock empire"
    }
},
{
    "model": "revisions.lifetimeofppe",
    "pk": 1,
    "fields": {
        "manufacturer": 5,
        "material_type": 1,
        "lifetime_use_years": 10,
        "lifetime_manufacture_years": 15
    }
},
{
    "model": "revisions.lifetimeofppe",
    "pk": 2,
    "fields": {
        "manufacturer": 5,
        "material_type": 2,
        "lifetime_use_years": 10,
        "lifetime_manufacture_years": 15
    }
},
{
    "model": "revisions.lifetimeofppe",
    "pk": 3,
    "fields": {
        "manufacturer": 5,
        "material_type": 3,
        "lifetime_use_years": 10,
        "lifetime_manufacture_years": 15
    }
},
{
    "model": "revisions.lifetimeofppe",
    "pk": 4,
    "fields": {
        "manufacturer": 5,
        "material_type": 5,
        "lifetime_use_years": 99,
        "lifetime_manufacture_years": 99
    }
},
{
    "model": "revisions.lifetimeofppe",
    "pk": 5,
    "fields": {
        "manufacturer": 5,
        "material_type": 6,
        "lifetime_use_years": 10,
        "lifetime_manufacture_years": 10
    }
},
{
    "model": "revisions.lifetimeofppe",
    "pk": 6,
    "fields": {
        "manufacturer": 7,
        "material_type": 1,
        "lifetime_use_years": 10,
        "lifetime_manufacture_years": 12
    }
},
{
    "model": "revisions.lifetimeofppe",
    "pk": 7,
    "fields": {
        "manufacturer": 7,
        "material_type": 2,
        "lifetime_use_years": 10,
        "lifetime_manufacture_years": 12
    }
},
{
    "model": "revisions.lifetimeofppe",
    "pk": 8,
    "fields": {
        "manufacturer": 7,
        "material_type": 3,
        "lifetime_use_years": 10,
        "lifetime_manufacture_years": 12
    }
},
{
    "model": "revisions.lifetimeofppe",
    "pk": 9,
    "fields": {
        "manufacturer": 7,
        "material_type": 5,
        "lifetime_use_years": 99,
        "lifetime_manufacture_years": 99
    }
},
{
    "model": "revisions.lifetimeofppe",
    "pk": 10,
    "fields": {
        "manufacturer": 7,
        "material_type": 6,
        "lifetime_use_years": 10,
        "lifetime_manufacture_years": 12
    }
},
{
    "model": "revisions.lifetimeofppe",
    "pk": 12,
    "fields": {
        "manufacturer": 8,
        "material_type": 3,
        "lifetime_use_years": 10,
        "lifetime_manufacture_years": 10
    }
},
{
    "model": "revisions.lifetimeofppe",
    "pk": 13,
    "fields": {
        "manufacturer": 8,
        "material_type": 1,
        "lifetime_use_years": 10,
        "lifetime_manufacture_years": 10
    }
},
{
    "model": "revisions.lifetimeofppe",
    "pk": 14,
    "fields": {
        "manufacturer": 8,
        "material_type": 6,
        "lifetime_use_years": 8,
        "lifetime_manufacture_years": 4
    }
},
{
    "model": "revisions.lifetimeofppe",
    "pk": 15,
    "fields": {
        "manufacturer": 8,
        "material_type": 5,
        "lifetime_use_years": 99,
        "lifetime_manufacture_years": 99
    }
},
{
    "model": "revisions.lifetimeofppe",
    "pk": 16,
    "fields": {
        "manufacturer": 10,
        "material_type": 5,
        "lifetime_use_years": 99,
        "lifetime_manufacture_years": 99
    }
},
{
    "model": "revisions.lifetimeofppe",
    "pk": 17,
    "fields": {
        "manufacturer": 5,
        "material_type": 19,
        "lifetime_use_years": 10,
        "lifetime_manufacture_years": 15
    }
},
{
    "model": "revisions.typeofppe",
    "pk": 1,
    "fields": {
        "image": "",
        "group_type_ppe": "helmet",
        "price": "100.00"
    }
},
{
    "model": "revisions.typeofppe",
    "pk": 2,
    "fields": {
        "image": "",
        "group_type_ppe": "arborist_helmet",
        "price": "120.00"
    }
},
{
    "model": "revisions.typeofppe",
    "pk": 3,
    "fields": {
        "image": "",
        "group_type_ppe": "fall_arrest_harness",
        "price": "150.00"
    }
},
{
    "model": "revisions.typeofppe",
    "pk": 4,
    "fields": {
        "image": "",
        "group_type_ppe": "height_work_harness",
        "price": "180.00"
    }
},
{
    "model": "revisions.typeofppe",
    "pk": 5,
    "fields": {
        "image": "",
        "group_type_ppe": "arborist_harness",
        "price": "200.00"
    }
},
{
    "model": "revisions.typeofppe",
    "pk": 6,
    "fields": {
        "image": "",
        "group_type_ppe": "chest_harness",
        "price": "110.00"
    }
},
{
    "model": "revisions.typeofppe",
    "pk": 7,
    "fields": {
        "image": "",
        "group_type_ppe": "seat_harness",
        "price": "100.00"
    }
},
{
    "model": "revisions.typeofppe",
    "pk": 8,
    "fields": {
        "image": "",
        "group_type_ppe": "descenders",
        "price": "90.00"
    }
},
{
    "model": "revisions.typeofppe",
    "pk": 9,
    "fields": {
        "image": "",
        "group_type_ppe": "arborist_descender",
        "price": "120.00"
    }
},
{
    "model": "revisions.typeofppe",
    "pk": 10,
    "fields": {
        "image": "",
        "group_type_ppe": "asap",
        "price": "100.00"
    }
},
{
    "model": "revisions.typeofppe",
    "pk": 11,
    "fields": {
        "image": "",
        "group_type_ppe": "fall_arrests",
        "price": "80.00"
    }
},
{
    "model": "revisions.typeofppe",
    "pk": 12,
    "fields": {
        "image": "",
        "group_type_ppe": "ascender",
        "price": "80.00"
    }
},
{
    "model": "revisions.typeofppe",
    "pk": 13,
    "fields": {
        "image": "",
        "group_type_ppe": "pulley",
        "price": "80.00"
    }
},
{
    "model": "revisions.typeofppe",
    "pk": 14,
    "fields": {
        "image": "",
        "group_type_ppe": "block_pulley",
        "price": "95.00"
    }
},
{
    "model": "revisions.typeofppe",
    "pk": 15,
    "fields": {
        "image": "",
        "group_type_ppe": "special_pulley",
        "price": "100.00"
    }
},
{
    "model": "revisions.typeofppe",
    "pk": 16,
    "fields": {
        "image": "",
        "group_type_ppe": "carabiner",
        "price": "35.00"
    }
},
{
    "model": "revisions.typeofppe",
    "pk": 17,
    "fields": {
        "image": "",
        "group_type_ppe": "sling",
        "price": "60.00"
    }
},
{
    "model": "revisions.typeofppe",
    "pk": 18,
    "fields": {
        "image": "",
        "group_type_ppe": "steel_lanyard",
        "price": "80.00"
    }
},
{
    "model": "revisions.typeofppe",
    "pk": 19,
    "fields": {
        "image": "",
        "group_type_ppe": "positioning_lanyard",
        "price": "120.00"
    }
},
{
    "model": "revisions.typeofppe",
    "pk": 22,
    "fields": {
        "image": "",
        "group_type_ppe": "fall_absorber",
        "price": "120.00"
    }
},
{
    "model": "revisions.typeofppe",
    "pk": 23,
    "fields": {
        "image": "",
        "group_type_ppe": "fall_absorber_with_conector",
        "price": "150.00"
    }
},
{
    "model": "revisions.typeofppe",
    "pk": 24,
    "fields": {
        "image": "",
        "group_type_ppe": "cambium_saver",
        "price": "120.00"
    }
},
{
    "model": "revisions.revisiondata",
    "pk": 3,
    "fields": {
        "image_items": "static/image/revision_data/Flash_industry.jpg",
        "lifetime_of_ppe": 5,
        "type_of_ppe": 1,
        "name_ppe": "Flash industry",
        "manual_for_revision": "static/revision_data/manuals/Flash_industry_manual.pdf",
        "notes": "",
        "standard_ppe": [
            12
        ]
    }
},
{
    "model": "revisions.revisiondata",
    "pk": 4,
    "fields": {
        "image_items": "static/image/revision_data/locker_sling.jpg",
        "lifetime_of_ppe": 2,
        "type_of_ppe": 17,
        "name_ppe": "Locker sling",
        "manual_for_revision": "static/revision_data/manuals/IOU_16S97022539_LOCKER_SLING.pdf",
        "notes": "",
        "standard_ppe": [
            3,
            18
        ]
    }
},
{
    "model": "revisions.revisiondata",
    "pk": 5,
    "fields": {
        "image_items": "static/image/revision_data/Locker.jpg",
        "lifetime_of_ppe": 4,
        "type_of_ppe": 11,
        "name_ppe": "Locker",
        "manual_for_revision": "static/revision_data/manuals/IOU_16K002201800_LOCKER.pdf",
        "notes": "",
        "standard_ppe": [
            30,
            2,
            13
        ]
    }
},
{
    "model": "revisions.revisiondata",
    "pk": 6,
    "fields": {
        "image_items": "static/image/revision_data/eye_sling.jpg",
        "lifetime_of_ppe": 2,
        "type_of_ppe": 17,
        "name_ppe": "EYE SLING BLUE 80 cm",
        "manual_for_revision": "static/revision_data/manuals/IOU_16S97022236_SLINGS.pdf",
        "notes": "",
        "standard_ppe": [
            3,
            14
        ]
    }
},
{
    "model": "revisions.revisiondata",
    "pk": 8,
    "fields": {
        "image_items": "static/image/revision_data/ozone_triple_lock.jpg",
        "lifetime_of_ppe": 4,
        "type_of_ppe": 16,
        "name_ppe": "OZONE triple lock",
        "manual_for_revision": "static/revision_data/manuals/KL_K0018_OZONE_TRIPLELOCK_CZ.pdf",
        "notes": "",
        "standard_ppe": [
            26,
            10
        ]
    }
},
{
    "model": "revisions.revisiondata",
    "pk": 9,
    "fields": {
        "image_items": "static/image/revision_data/steal_triple_lock.jpg",
        "lifetime_of_ppe": 4,
        "type_of_ppe": 16,
        "name_ppe": "STEEL oval triple",
        "manual_for_revision": "static/revision_data/manuals/KL_K4241_STEEL_TRIPLE_OVAL_CZ.pdf",
        "notes": "",
        "standard_ppe": [
            10
        ]
    }
},
{
    "model": "revisions.revisiondata",
    "pk": 10,
    "fields": {
        "image_items": "static/image/revision_data/oxy_triple_lock.jpg",
        "lifetime_of_ppe": 4,
        "type_of_ppe": 16,
        "name_ppe": "Oxy triple lock",
        "manual_for_revision": "static/revision_data/manuals/KL_K0122_OXY_EN.pdf",
        "notes": "",
        "standard_ppe": [
            26,
            10
        ]
    }
},
{
    "model": "revisions.revisiondata",
    "pk": 11,
    "fields": {
        "image_items": "static/image/revision_data/tandem_puley.jpg",
        "lifetime_of_ppe": 4,
        "type_of_ppe": 13,
        "name_ppe": "Tandem pulley",
        "manual_for_revision": "static/revision_data/manuals/KL_RK803_TANDEM_PULLEY_CZ.pdf",
        "notes": "",
        "standard_ppe": [
            28
        ]
    }
},
{
    "model": "revisions.revisiondata",
    "pk": 12,
    "fields": {
        "image_items": "static/image/revision_data/sling_laniard_w2016x.jpg",
        "lifetime_of_ppe": 2,
        "type_of_ppe": 17,
        "name_ppe": "sling_lanyard",
        "manual_for_revision": "static/revision_data/manuals/IOU_16S97022236_SLINGS_rhd1OzP.pdf",
        "notes": "",
        "standard_ppe": [
            3,
            14
        ]
    }
},
{
    "model": "revisions.revisionrecord",
    "pk": 2,
    "fields": {
        "photo_of_item": "media/image/revision_record/Flash_green_nzFk7P8.jpg",
        "revision_data": 3,
        "serial_number": "0314W9601",
        "date_manufacture": "2019-03-23",
        "date_of_first_use": "2021-04-21",
        "date_of_revision": "2025-01-06",
        "date_of_next_revision": "2026-01-06",
        "item_group": 1,
        "owner": 1,
        "verdict": "fit",
        "notes": "",
        "created_by": 1,
        "created": "2025-01-06T18:17:50.792Z",
        "updated": "2025-01-16T00:37:11.365Z"
    }
},
{
    "model": "revisions.revisionrecord",
    "pk": 3,
    "fields": {
        "photo_of_item": "",
        "revision_data": 4,
        "serial_number": "0206/1659025",
        "date_manufacture": "2023-01-02",
        "date_of_first_use": "2024-04-02",
        "date_of_revision": "2025-01-08",
        "date_of_next_revision": "2026-01-08",
        "item_group": 1,
        "owner": 1,
        "verdict": "fit",
        "notes": "",
        "created_by": 1,
        "created": "2025-01-08T21:37:12.871Z",
        "updated": "2025-01-14T20:01:30.110Z"
    }
},
{
    "model": "revisions.revisionrecord",
    "pk": 5,
    "fields": {
        "photo_of_item": "",
        "revision_data": 5,
        "serial_number": "0481",
        "date_manufacture": "2017-11-01",
        "date_of_first_use": "2018-05-15",
        "date_of_revision": "2025-01-09",
        "date_of_next_revision": "2026-01-09",
        "item_group": 1,
        "owner": 1,
        "verdict": "fit",
        "notes": "",
        "created_by": 1,
        "created": "2025-01-09T18:54:52.845Z",
        "updated": "2025-01-15T16:49:55.859Z"
    }
},
{
    "model": "revisions.revisionrecord",
    "pk": 6,
    "fields": {
        "photo_of_item": "",
        "revision_data": 3,
        "serial_number": "1234",
        "date_manufacture": "2019-03-23",
        "date_of_first_use": "2021-04-21",
        "date_of_revision": "2025-01-15",
        "date_of_next_revision": "2026-01-15",
        "item_group": 2,
        "owner": 3,
        "verdict": "fit",
        "notes": "",
        "created_by": 1,
        "created": "2025-01-15T16:53:13.590Z",
        "updated": "2025-01-15T16:53:13.590Z"
    }
},
{
    "model": "revisions.revisionrecord",
    "pk": 7,
    "fields": {
        "photo_of_item": "",
        "revision_data": 8,
        "serial_number": "4510",
        "date_manufacture": "2017-11-01",
        "date_of_first_use": "2021-04-21",
        "date_of_revision": "2025-01-15",
        "date_of_next_revision": "2026-01-15",
        "item_group": 2,
        "owner": 3,
        "verdict": "fit",
        "notes": "",
        "created_by": 1,
        "created": "2025-01-15T16:58:16.051Z",
        "updated": "2025-01-15T17:00:03.923Z"
    }
},
{
    "model": "revisions.revisionrecord",
    "pk": 8,
    "fields": {
        "photo_of_item": "",
        "revision_data": 10,
        "serial_number": "0446",
        "date_manufacture": "2023-04-01",
        "date_of_first_use": "2024-04-02",
        "date_of_revision": "2025-01-15",
        "date_of_next_revision": "2026-01-15",
        "item_group": 1,
        "owner": 1,
        "verdict": "fit",
        "notes": "",
        "created_by": 1,
        "created": "2025-01-15T17:04:51.776Z",
        "updated": "2025-01-15T19:32:10.006Z"
    }
},
{
    "model": "revisions.revisionrecord",
    "pk": 9,
    "fields": {
        "photo_of_item": "",
        "revision_data": 9,
        "serial_number": "1785",
        "date_manufacture": "2018-09-01",
        "date_of_first_use": "2018-09-01",
        "date_of_revision": "2025-01-15",
        "date_of_next_revision": "2026-01-15",
        "item_group": null,
        "owner": 1,
        "verdict": "fit",
        "notes": "",
        "created_by": 3,
        "created": "2025-01-15T20:24:49.885Z",
        "updated": "2025-01-15T20:24:49.885Z"
    }
},
{
    "model": "revisions.revisionrecord",
    "pk": 10,
    "fields": {
        "photo_of_item": "media/image/revision_record/tandem_pulley_ja.JPG",
        "revision_data": 11,
        "serial_number": "0105",
        "date_manufacture": "2023-12-10",
        "date_of_first_use": "2024-03-10",
        "date_of_revision": "2025-01-15",
        "date_of_next_revision": "2026-01-15",
        "item_group": 1,
        "owner": 1,
        "verdict": "fit",
        "notes": "",
        "created_by": 1,
        "created": "2025-01-15T22:35:46.903Z",
        "updated": "2025-01-16T00:01:19.436Z"
    }
},
{
    "model": "revisions.revisionrecord",
    "pk": 11,
    "fields": {
        "photo_of_item": "",
        "revision_data": 3,
        "serial_number": "0480",
        "date_manufacture": "2023-01-02",
        "date_of_first_use": "2024-04-02",
        "date_of_revision": "2025-01-18",
        "date_of_next_revision": "2026-01-18",
        "item_group": null,
        "owner": 2,
        "verdict": "fit",
        "notes": "",
        "created_by": 1,
        "created": "2025-01-18T21:52:21.332Z",
        "updated": "2025-01-18T21:52:21.332Z"
    }
}
]
